frame;lat;lon;alt;object;start_x;start_y;end_x;end_y
1;-21.6120684;165.3394867;131.526;
2;-21.612158216667;165.33942965;131.91433333333;
3;-21.61230538;165.33935166;132.1246;
4;-21.612460783333;165.33929028333;131.9485;
5;-21.6126382;165.33924171667;131.6955;
6;-21.61280496;165.3392172;131.414;
7;-21.612974333333;165.3392136;130.96666666667;
8;-21.6131433;165.33923168;130.3296;
9;-21.6133084;165.33927518333;129.49616666667;
10;-21.6134828;165.33934518333;128.33183333333;
10;-21.6134828;165.33934518333;128.33183333333;Turtle;838;161;863;185
11;-21.61363402;165.33942994;127.1538;
11;-21.61363402;165.33942994;127.1538;Turtle;804;344;830;372
12;-21.613774383333;165.33953395;125.98866666667;
12;-21.613774383333;165.33953395;125.98866666667;Turtle;758;537;785;566
13;-21.613913983333;165.3396587;124.48266666667;
13;-21.613913983333;165.3396587;124.48266666667;Turtle;704;750;731;779
14;-21.61399478;165.33973972;123.5336;
14;-21.61399478;165.33973972;123.5336;Turtle;627;981;657;1012
15;-21.6140549;165.33980398333;122.8455;
15;-21.6140549;165.33980398333;122.8455;Turtle;1136;38;1158;64
16;-21.61411822;165.33987424;122.105;
17;-21.614182033333;165.33994951667;121.42633333333;
18;-21.614243116667;165.34002545;120.86283333333;
19;-21.61429742;165.34009622;120.399;
19;-21.61429742;165.34009622;120.399;Dugong_probable;1349;29;1367;66
20;-21.614350566667;165.3401672;119.99533333333;
20;-21.614350566667;165.3401672;119.99533333333;Dugong_probable;1360;216;1381;253
20;-21.614350566667;165.3401672;119.99533333333;Dugong_probable;1319;60;1334;94
20;-21.614350566667;165.3401672;119.99533333333;Turtle;1043;1065;1067;1098
21;-21.614407683333;165.34024385;119.62183333333;
21;-21.614407683333;165.34024385;119.62183333333;Dugong_certain;1331;255;1347;285
21;-21.614407683333;165.34024385;119.62183333333;Dugong_certain;1371;407;1389;443
21;-21.614407683333;165.34024385;119.62183333333;Turtle;986;1330;1013;1363
22;-21.61445982;165.34031408;119.2544;
22;-21.61445982;165.34031408;119.2544;Dugong_probable;1367;478;1378;508
22;-21.61445982;165.34031408;119.2544;Dugong_certain;1400;629;1416;668
23;-21.61451025;165.34038511667;119.042;
23;-21.61451025;165.34038511667;119.042;Dugong_probable;1413;673;1426;708
23;-21.61451025;165.34038511667;119.042;Dugong_certain;1444;835;1465;872
24;-21.614566233333;165.34046261667;118.73183333333;
24;-21.614566233333;165.34046261667;118.73183333333;Dugong_probable;1472;886;1485;917
24;-21.614566233333;165.34046261667;118.73183333333;Dugong_certain;1500;1048;1520;1088
25;-21.61461864;165.34053336;118.4904;
25;-21.61461864;165.34053336;118.4904;Dugong_probable;1534;1095;1548;1132
25;-21.61461864;165.34053336;118.4904;Dugong_certain;1569;1275;1588;1320
26;-21.614670533333;165.34060331667;118.2335;
26;-21.614670533333;165.34060331667;118.2335;Dugong_probable;1587;1334;1603;1369
27;-21.614723;165.3406725;118.0682;
28;-21.61477535;165.34074101667;118.04316666667;
29;-21.6148332;165.34081521667;117.8925;
30;-21.61488704;165.34088236;117.6698;
31;-21.61494015;165.34094978333;117.45816666667;
32;-21.6150063;165.34103261667;117.16316666667;
33;-21.6150706;165.34111262;116.7032;
33;-21.6150706;165.34111262;116.7032;Dugong_certain;1778;33;1792;75
34;-21.615124283333;165.34117821667;116.3225;
34;-21.615124283333;165.34117821667;116.3225;Dugong_probable;1787;50;1797;71
34;-21.615124283333;165.34117821667;116.3225;Dugong_probable;1774;39;1793;63
34;-21.615124283333;165.34117821667;116.3225;Dugong_probable;1789;83;1803;122
34;-21.615124283333;165.34117821667;116.3225;Dugong_certain;1825;140;1842;182
35;-21.615183266667;165.34124905;115.78533333333;
35;-21.615183266667;165.34124905;115.78533333333;Dugong_probable;1834;149;1844;169
35;-21.615183266667;165.34124905;115.78533333333;Dugong_certain;1833;184;1852;225
35;-21.615183266667;165.34124905;115.78533333333;Dugong_certain;1877;249;1890;287
35;-21.615183266667;165.34124905;115.78533333333;Dugong_certain;1819;136;1837;166
36;-21.61523682;165.34131422;115.3644;
36;-21.61523682;165.34131422;115.3644;Dugong_certain;1862;237;1882;268
36;-21.61523682;165.34131422;115.3644;Dugong_probable;1879;290;1898;331
36;-21.61523682;165.34131422;115.3644;Dugong_certain;1924;357;1939;399
37;-21.615291216667;165.34137858333;114.90933333333;
37;-21.615291216667;165.34137858333;114.90933333333;Dugong_certain;1908;342;1925;374
37;-21.615291216667;165.34137858333;114.90933333333;Dugong_certain;1923;400;1944;448
37;-21.615291216667;165.34137858333;114.90933333333;Dugong_certain;1977;472;1989;521
37;-21.615291216667;165.34137858333;114.90933333333;Dugong_probable;1923;352;1938;387
38;-21.61534582;165.34144296;114.4368;
38;-21.61534582;165.34144296;114.4368;Dugong_certain;2024;611;2038;663
38;-21.61534582;165.34144296;114.4368;Dugong_probable;1963;534;1984;581
38;-21.61534582;165.34144296;114.4368;Dugong_probable;1965;482;1977;511
38;-21.61534582;165.34144296;114.4368;Dugong_certain;1945;471;1966;507
39;-21.615399916667;165.34150748333;114.00833333333;
39;-21.615399916667;165.34150748333;114.00833333333;Dugong_probable;2003;625;2014;663
39;-21.615399916667;165.34150748333;114.00833333333;Dugong_certain;1987;611;2003;656
39;-21.615399916667;165.34150748333;114.00833333333;Dugong_probable;2003;683;2028;732
39;-21.615399916667;165.34150748333;114.00833333333;Dugong_certain;2065;764;2084;820
40;-21.615458933333;165.34157781667;113.5745;
40;-21.615458933333;165.34157781667;113.5745;Dugong_certain;2038;852;2063;910
40;-21.615458933333;165.34157781667;113.5745;Dugong_certain;2108;940;2125;1001
40;-21.615458933333;165.34157781667;113.5745;Dugong_probable;2038;790;2052;829
40;-21.615458933333;165.34157781667;113.5745;Dugong_certain;2023;775;2037;822
41;-21.61551356;165.3416428;113.1896;
41;-21.61551356;165.3416428;113.1896;Dugong_certain;2135;1150;2155;1213
41;-21.61551356;165.3416428;113.1896;Dugong_certain;2059;1051;2083;1110
41;-21.61551356;165.3416428;113.1896;Dugong_probable;2058;979;2073;1017
41;-21.61551356;165.3416428;113.1896;Dugong_probable;2046;961;2057;1016
41;-21.61551356;165.3416428;113.1896;Dugong_certain;1489;52;1512;88
41;-21.61551356;165.3416428;113.1896;Dugong_certain;1545;47;1578;80
41;-21.61551356;165.3416428;113.1896;Dugong_probable;1557;38;1574;54
41;-21.61551356;165.3416428;113.1896;Dugong_certain;1742;53;1757;96
41;-21.61551356;165.3416428;113.1896;Dugong_probable;1752;64;1765;92
41;-21.61551356;165.3416428;113.1896;Dugong_probable;1773;47;1785;76
41;-21.61551356;165.3416428;113.1896;Dugong_probable;1811;60;1825;90
41;-21.61551356;165.3416428;113.1896;Dugong_certain;1827;47;1856;93
42;-21.615576283333;165.34171736667;112.66333333333;
42;-21.615576283333;165.34171736667;112.66333333333;Dugong_probable;1178;2;1221;22
42;-21.615576283333;165.34171736667;112.66333333333;Dugong_certain;1366;100;1403;125
42;-21.615576283333;165.34171736667;112.66333333333;Dugong_certain;1475;183;1490;226
42;-21.615576283333;165.34171736667;112.66333333333;Dugong_certain;1528;177;1565;212
42;-21.615576283333;165.34171736667;112.66333333333;Dugong_probable;1541;164;1560;186
42;-21.615576283333;165.34171736667;112.66333333333;Dugong_certain;1712;60;1730;101
42;-21.615576283333;165.34171736667;112.66333333333;Dugong_certain;1720;106;1735;141
42;-21.615576283333;165.34171736667;112.66333333333;Dugong_certain;1735;176;1751;220
42;-21.615576283333;165.34171736667;112.66333333333;Dugong_certain;1747;186;1765;218
42;-21.615576283333;165.34171736667;112.66333333333;Dugong_certain;1768;165;1781;199
42;-21.615576283333;165.34171736667;112.66333333333;Dugong_probable;1811;177;1825;211
42;-21.615576283333;165.34171736667;112.66333333333;Dugong_certain;1826;166;1854;218
42;-21.615576283333;165.34171736667;112.66333333333;Dugong_certain;2052;1172;2073;1235
42;-21.615576283333;165.34171736667;112.66333333333;Dugong_probable;2072;1187;2086;1235
42;-21.615576283333;165.34171736667;112.66333333333;Dugong_certain;2073;1267;2097;1327
42;-21.615576283333;165.34171736667;112.66333333333;Dugong_certain;2156;1377;2177;1447
43;-21.61563615;165.34178961667;112.1275;
43;-21.61563615;165.34178961667;112.1275;Dugong_probable;2057;1404;2077;1474
43;-21.61563615;165.34178961667;112.1275;Dugong_probable;2075;1421;2092;1477
43;-21.61563615;165.34178961667;112.1275;Dugong_certain;1130;135;1179;166
43;-21.61563615;165.34178961667;112.1275;Dugong_certain;1328;250;1366;273
43;-21.61563615;165.34178961667;112.1275;Dugong_certain;1440;338;1458;382
43;-21.61563615;165.34178961667;112.1275;Dugong_certain;1503;328;1539;361
43;-21.61563615;165.34178961667;112.1275;Dugong_certain;1518;314;1534;335
43;-21.61563615;165.34178961667;112.1275;Dugong_certain;1698;188;1718;234
43;-21.61563615;165.34178961667;112.1275;Dugong_certain;1707;242;1722;278
43;-21.61563615;165.34178961667;112.1275;Dugong_certain;1722;321;1741;366
43;-21.61563615;165.34178961667;112.1275;Dugong_certain;1735;328;1752;363
43;-21.61563615;165.34178961667;112.1275;Dugong_certain;1758;308;1770;345
43;-21.61563615;165.34178961667;112.1275;Dugong_probable;1800;316;1817;353
43;-21.61563615;165.34178961667;112.1275;Dugong_certain;1812;308;1846;360
44;-21.6156895;165.34185468;111.6692;
44;-21.6156895;165.34185468;111.6692;Dugong_certain;1799;465;1831;516
44;-21.6156895;165.34185468;111.6692;Dugong_certain;1786;470;1800;506
44;-21.6156895;165.34185468;111.6692;Dugong_certain;1743;462;1754;503
44;-21.6156895;165.34185468;111.6692;Dugong_certain;1721;491;1736;524
44;-21.6156895;165.34185468;111.6692;Dugong_certain;1706;477;1722;526
44;-21.6156895;165.34185468;111.6692;Dugong_certain;1682;335;1697;383
44;-21.6156895;165.34185468;111.6692;Dugong_certain;1687;392;1705;434
44;-21.6156895;165.34185468;111.6692;Dugong_certain;1071;297;1126;330
44;-21.6156895;165.34185468;111.6692;Dugong_certain;1284;413;1328;442
44;-21.6156895;165.34185468;111.6692;Dugong_certain;1404;507;1425;558
44;-21.6156895;165.34185468;111.6692;Dugong_certain;1473;495;1510;533
44;-21.6156895;165.34185468;111.6692;Dugong_certain;1487;476;1503;502
45;-21.6157519;165.34193105;111.17433333333;
45;-21.6157519;165.34193105;111.17433333333;Dugong_certain;1210;106;1230;151
45;-21.6157519;165.34193105;111.17433333333;Dugong_certain;1014;474;1073;516
45;-21.6157519;165.34193105;111.17433333333;Dugong_certain;1240;597;1287;633
45;-21.6157519;165.34193105;111.17433333333;Dugong_certain;1369;700;1387;753
45;-21.6157519;165.34193105;111.17433333333;Dugong_certain;1662;491;1683;543
45;-21.6157519;165.34193105;111.17433333333;Dugong_certain;1671;551;1686;600
45;-21.6157519;165.34193105;111.17433333333;Dugong_certain;1685;651;1708;706
45;-21.6157519;165.34193105;111.17433333333;Dugong_certain;1702;663;1719;698
45;-21.6157519;165.34193105;111.17433333333;Dugong_certain;1726;630;1742;678
45;-21.6157519;165.34193105;111.17433333333;Dugong_certain;1443;676;1481;720
45;-21.6157519;165.34193105;111.17433333333;Dugong_certain;1447;663;1472;697
45;-21.6157519;165.34193105;111.17433333333;Dugong_certain;1773;640;1789;680
45;-21.6157519;165.34193105;111.17433333333;Dugong_certain;1786;629;1819;686
46;-21.6158042;165.3419954;110.7994;
46;-21.6158042;165.3419954;110.7994;Dugong_certain;1162;264;1187;324
46;-21.6158042;165.3419954;110.7994;Dugong_certain;946;696;1007;730
46;-21.6158042;165.3419954;110.7994;Dugong_certain;1191;815;1241;850
46;-21.6158042;165.3419954;110.7994;Dugong_certain;1329;918;1352;981
46;-21.6158042;165.3419954;110.7994;Dugong_certain;1409;889;1451;938
46;-21.6158042;165.3419954;110.7994;Dugong_certain;1411;874;1439;914
46;-21.6158042;165.3419954;110.7994;Dugong_certain;1645;673;1666;728
46;-21.6158042;165.3419954;110.7994;Dugong_certain;1654;743;1673;792
46;-21.6158042;165.3419954;110.7994;Dugong_certain;1673;845;1693;907
46;-21.6158042;165.3419954;110.7994;Dugong_certain;1686;858;1705;904
46;-21.6158042;165.3419954;110.7994;Dugong_certain;1712;824;1726;871
46;-21.6158042;165.3419954;110.7994;Dugong_certain;1763;827;1784;872
46;-21.6158042;165.3419954;110.7994;Dugong_certain;1776;818;1807;875
47;-21.615856366667;165.3420608;110.48933333333;
47;-21.615856366667;165.3420608;110.48933333333;Dugong_certain;1753;1039;1771;1089
47;-21.615856366667;165.3420608;110.48933333333;Dugong_certain;1768;1033;1802;1095
47;-21.615856366667;165.3420608;110.48933333333;Dugong_certain;1703;1041;1719;1095
47;-21.615856366667;165.3420608;110.48933333333;Dugong_certain;1675;1084;1695;1130
47;-21.615856366667;165.3420608;110.48933333333;Dugong_certain;1658;1069;1681;1133
47;-21.615856366667;165.3420608;110.48933333333;Dugong_certain;1641;957;1659;1006
47;-21.615856366667;165.3420608;110.48933333333;Dugong_certain;1629;875;1651;938
47;-21.615856366667;165.3420608;110.48933333333;Dugong_certain;1114;448;1142;508
47;-21.615856366667;165.3420608;110.48933333333;Dugong_certain;1287;1169;1316;1242
47;-21.615856366667;165.3420608;110.48933333333;Dugong_certain;1380;1127;1425;1186
47;-21.615856366667;165.3420608;110.48933333333;Dugong_certain;1382;1111;1413;1160
47;-21.615856366667;165.3420608;110.48933333333;Dugong_certain;1143;1062;1193;1100
47;-21.615856366667;165.3420608;110.48933333333;Dugong_certain;880;939;944;983
48;-21.6159227;165.34214361667;110.04516666667;
48;-21.6159227;165.34214361667;110.04516666667;Dugong_certain;784;1234;866;1276
48;-21.6159227;165.34214361667;110.04516666667;Dugong_certain;1061;657;1089;727
48;-21.6159227;165.34214361667;110.04516666667;Dugong_certain;1081;1346;1142;1391
48;-21.6159227;165.34214361667;110.04516666667;Dugong_certain;1252;1457;1273;1496
48;-21.6159227;165.34214361667;110.04516666667;Dugong_certain;1346;1381;1380;1442
48;-21.6159227;165.34214361667;110.04516666667;Dugong_certain;1344;1401;1393;1475
48;-21.6159227;165.34214361667;110.04516666667;Dugong_certain;1642;1318;1666;1393
48;-21.6159227;165.34214361667;110.04516666667;Dugong_certain;1663;1336;1676;1385
48;-21.6159227;165.34214361667;110.04516666667;Dugong_certain;1695;1284;1708;1348
48;-21.6159227;165.34214361667;110.04516666667;Dugong_certain;1746;1274;1765;1331
48;-21.6159227;165.34214361667;110.04516666667;Dugong_certain;1760;1270;1800;1343
48;-21.6159227;165.34214361667;110.04516666667;Dugong_certain;1625;1201;1644;1252
48;-21.6159227;165.34214361667;110.04516666667;Dugong_certain;1615;1106;1639;1174
49;-21.61597446;165.34220864;109.6144;
49;-21.61597446;165.34220864;109.6144;Dugong_certain;1006;907;1036;978
49;-21.61597446;165.34220864;109.6144;Dugong_certain;1597;1369;1620;1452
50;-21.616029316667;165.34227768333;109.17016666667;
50;-21.616029316667;165.34227768333;109.17016666667;Dugong_certain;934;1191;970;1278
51;-21.61610185;165.34236681667;108.65216666667;
52;-21.61615382;165.34243162;108.4342;
53;-21.616205766667;165.34249776667;108.24366666667;
54;-21.616262133333;165.34256925;107.9565;
55;-21.6163138;165.34263512;107.7738;
55;-21.6163138;165.34263512;107.7738;Dugong_certain;1185;62;1220;107
55;-21.6163138;165.34263512;107.7738;Dugong_certain;1392;237;1424;297
55;-21.6163138;165.34263512;107.7738;Dugong_certain;1305;342;1332;389
55;-21.6163138;165.34263512;107.7738;Dugong_certain;1267;243;1292;292
55;-21.6163138;165.34263512;107.7738;Dugong_certain;1253;225;1276;280
55;-21.6163138;165.34263512;107.7738;Dugong_certain;1324;320;1348;372
55;-21.6163138;165.34263512;107.7738;Dugong_certain;1261;331;1291;370
55;-21.6163138;165.34263512;107.7738;Dugong_certain;1249;317;1286;366
55;-21.6163138;165.34263512;107.7738;Dugong_probable;1321;112;1344;182
55;-21.6163138;165.34263512;107.7738;Dugong_probable;1271;38;1289;77
55;-21.6163138;165.34263512;107.7738;Dugong_probable;1177;13;1227;60
55;-21.6163138;165.34263512;107.7738;Dugong_probable;1338;264;1361;319
56;-21.616365416667;165.3427016;107.7555;
56;-21.616365416667;165.3427016;107.7555;Dugong_probable;1249;208;1275;277
56;-21.616365416667;165.3427016;107.7555;Dugong_probable;1150;187;1196;238
56;-21.616365416667;165.3427016;107.7555;Dugong_probable;1320;452;1349;511
56;-21.616365416667;165.3427016;107.7555;Dugong_probable;1300;283;1326;358
56;-21.616365416667;165.3427016;107.7555;Dugong_probable;1155;237;1191;291
56;-21.616365416667;165.3427016;107.7555;Dugong_certain;1376;422;1403;491
56;-21.616365416667;165.3427016;107.7555;Dugong_certain;1243;438;1266;494
56;-21.616365416667;165.3427016;107.7555;Dugong_certain;1226;419;1258;480
56;-21.616365416667;165.3427016;107.7555;Dugong_certain;1285;541;1312;598
56;-21.616365416667;165.3427016;107.7555;Dugong_certain;1235;535;1268;578
56;-21.616365416667;165.3427016;107.7555;Dugong_certain;1222;520;1263;577
56;-21.616365416667;165.3427016;107.7555;Dugong_probable;1304;516;1332;576
57;-21.6164168;165.34276836;107.7758;
57;-21.6164168;165.34276836;107.7758;Dugong_probable;1115;377;1156;421
57;-21.6164168;165.34276836;107.7758;Dugong_probable;1126;433;1157;496
57;-21.6164168;165.34276836;107.7758;Dugong_probable;1222;393;1251;464
57;-21.6164168;165.34276836;107.7758;Dugong_probable;1280;481;1308;554
57;-21.6164168;165.34276836;107.7758;Dugong_probable;1298;668;1323;725
57;-21.6164168;165.34276836;107.7758;Dugong_probable;1285;736;1309;804
57;-21.6164168;165.34276836;107.7758;Dugong_probable;1217;654;1242;718
57;-21.6164168;165.34276836;107.7758;Dugong_certain;1356;627;1390;697
57;-21.6164168;165.34276836;107.7758;Dugong_certain;1197;636;1226;705
57;-21.6164168;165.34276836;107.7758;Dugong_certain;1260;771;1288;836
57;-21.6164168;165.34276836;107.7758;Dugong_certain;1210;763;1243;823
57;-21.6164168;165.34276836;107.7758;Dugong_certain;1187;747;1238;816
58;-21.616468033333;165.34283625;107.76;
58;-21.616468033333;165.34283625;107.76;Turtle;1313;939;1332;969
58;-21.616468033333;165.34283625;107.76;Dugong_certain;1332;864;1369;937
58;-21.616468033333;165.34283625;107.76;Dugong_certain;1270;912;1296;975
58;-21.616468033333;165.34283625;107.76;Dugong_certain;1252;1000;1279;1080
58;-21.616468033333;165.34283625;107.76;Dugong_certain;1228;1030;1259;1106
58;-21.616468033333;165.34283625;107.76;Dugong_certain;1173;1034;1211;1097
58;-21.616468033333;165.34283625;107.76;Dugong_certain;1154;1010;1208;1091
58;-21.616468033333;165.34283625;107.76;Dugong_certain;1164;890;1192;962
58;-21.616468033333;165.34283625;107.76;Dugong_probable;1191;604;1221;681
58;-21.616468033333;165.34283625;107.76;Dugong_probable;1258;692;1284;782
58;-21.616468033333;165.34283625;107.76;Dugong_probable;1072;596;1131;655
58;-21.616468033333;165.34283625;107.76;Dugong_probable;1086;662;1123;728
58;-21.616468033333;165.34283625;107.76;Dugong_probable;1181;901;1208;972
58;-21.616468033333;165.34283625;107.76;Dugong_probable;1263;695;1285;746
59;-21.616523783333;165.34291061667;107.62866666667;
59;-21.616523783333;165.34291061667;107.62866666667;Turtle;1278;1231;1302;1262
59;-21.616523783333;165.34291061667;107.62866666667;Dugong_probable;1022;848;1081;914
59;-21.616523783333;165.34291061667;107.62866666667;Dugong_probable;1040;919;1081;997
59;-21.616523783333;165.34291061667;107.62866666667;Dugong_probable;1151;845;1190;928
59;-21.616523783333;165.34291061667;107.62866666667;Dugong_probable;1223;965;1249;1043
59;-21.616523783333;165.34291061667;107.62866666667;Dugong_probable;1227;935;1254;1016
59;-21.616523783333;165.34291061667;107.62866666667;Dugong_probable;1235;1195;1263;1256
59;-21.616523783333;165.34291061667;107.62866666667;Dugong_certain;1307;1134;1348;1216
59;-21.616523783333;165.34291061667;107.62866666667;Dugong_certain;1112;1179;1153;1262
59;-21.616523783333;165.34291061667;107.62866666667;Dugong_certain;1145;1190;1164;1257
59;-21.616523783333;165.34291061667;107.62866666667;Dugong_certain;1218;1286;1252;1377
59;-21.616523783333;165.34291061667;107.62866666667;Dugong_certain;1189;1332;1222;1418
59;-21.616523783333;165.34291061667;107.62866666667;Dugong_certain;1133;1341;1172;1412
59;-21.616523783333;165.34291061667;107.62866666667;Dugong_certain;1109;1316;1168;1401
60;-21.6165752;165.34297926;107.4866;
60;-21.6165752;165.34297926;107.4866;Turtle;1751;53;1779;71
60;-21.6165752;165.34297926;107.4866;Dugong_certain;1189;1250;1217;1337
60;-21.6165752;165.34297926;107.4866;Dugong_certain;1268;1439;1299;1498
60;-21.6165752;165.34297926;107.4866;Dugong_certain;965;1141;1029;1205
60;-21.6165752;165.34297926;107.4866;Dugong_certain;988;1220;1027;1293
60;-21.6165752;165.34297926;107.4866;Dugong_probable;1121;1116;1148;1210
60;-21.6165752;165.34297926;107.4866;Dugong_probable;1191;1217;1223;1287
61;-21.616626;165.34304853333;107.3865;
61;-21.616626;165.34304853333;107.3865;Turtle;1758;199;1785;224
62;-21.616681566667;165.34312451667;107.18316666667;
62;-21.616681566667;165.34312451667;107.18316666667;Turtle;1760;370;1790;395
63;-21.61673562;165.34320058;107.0444;
63;-21.61673562;165.34320058;107.0444;Turtle;1759;561;1791;589
64;-21.616790216667;165.34328013333;106.96716666667;
64;-21.616790216667;165.34328013333;106.96716666667;Turtle;1753;781;1783;811
65;-21.61684235;165.34335941667;107.04516666667;
65;-21.61684235;165.34335941667;107.04516666667;Turtle;1746;1034;1780;1060
66;-21.61689326;165.34343816;107.1528;
66;-21.61689326;165.34343816;107.1528;Turtle;1740;1317;1775;1347
67;-21.616945433333;165.34352053333;107.31616666667;
68;-21.61699166;165.34359494;107.5142;
69;-21.617038766667;165.34367436667;107.97066666667;
70;-21.617090733333;165.34376581667;108.29366666667;
71;-21.61713156;165.3438427;108.6192;
72;-21.617171933333;165.34391928333;108.92983333333;
73;-21.617215283333;165.34400328333;109.21366666667;
74;-21.61725434;165.34408084;109.5524;
75;-21.617292516667;165.34415816667;110.08183333333;
76;-21.61733652;165.34424978;110.7966;
77;-21.6173723;165.34432811667;111.49466666667;
78;-21.6174102;165.3444127;112.29416666667;
79;-21.61744942;165.34450424;113.026;
80;-21.617481216667;165.34458188333;113.64783333333;
81;-21.617515016667;165.34466726667;114.32616666667;
82;-21.61754502;165.34474584;115.012;
83;-21.617574016667;165.34482435;115.63916666667;
84;-21.617604883333;165.34490948333;116.243;
85;-21.61763222;165.34498756;116.8022;
86;-21.617658666667;165.34506501667;117.34116666667;
87;-21.61768424;165.34514294;117.9232;
88;-21.617711666667;165.34522785;118.42433333333;
89;-21.617740516667;165.34532025;118.78583333333;
90;-21.61776466;165.34539862;118.9788;
91;-21.61778855;165.34547705;119.05583333333;
92;-21.6178142;165.34556306667;119.13666666667;
93;-21.61783742;165.34564254;119.162;
94;-21.61786045;165.34572275;119.138;
95;-21.617885;165.3458102;119.122;
96;-21.61790722;165.34589114;119.2166;
97;-21.617928883333;165.34597135;119.23333333333;
98;-21.61795404;165.34606684;119.2744;
99;-21.617974783333;165.346148;119.4355;
100;-21.617997566667;165.34623656667;119.60616666667;
101;-21.618022;165.34633212;119.7894;
102;-21.6180423;165.34641338333;119.98566666667;
103;-21.61806455;165.34650226667;120.2395;
104;-21.6180923;165.34661368;120.4928;
105;-21.618112666667;165.34669631667;120.7015;
106;-21.61813316;165.34677858;120.9908;
107;-21.61815335;165.34686121667;121.26666666667;
108;-21.618174833333;165.34695138333;121.53516666667;
109;-21.6181946;165.34703398;121.775;
110;-21.618216383333;165.34712663333;122.05983333333;
111;-21.618238683333;165.34722231667;122.40866666667;
112;-21.61825794;165.34730538;122.7598;
113;-21.618279516667;165.34739876667;123.13366666667;
114;-21.61830135;165.34749478333;123.52633333333;
115;-21.61831978;165.34757792;123.8932;
116;-21.618339816667;165.34767078333;124.2275;
117;-21.61835806;165.3477588;124.5452;
118;-21.618375616667;165.34784683333;124.81466666667;
119;-21.6183974;165.34796136667;125.23733333333;
120;-21.61841262;165.34804844;125.527;
121;-21.618426516667;165.3481333;125.8055;
122;-21.618440633333;165.34822623333;126.1585;
123;-21.61845242;165.34831218;126.4458;
124;-21.618463;165.34839826667;126.7695;
125;-21.61847405;165.34850013333;127.12833333333;
126;-21.61848328;165.34859498;127.3972;
127;-21.618490566667;165.3486823;127.609;
128;-21.61849706;165.34877646;127.8842;
129;-21.6185026;165.34887415;128.10183333333;
130;-21.618506566667;165.34897083333;128.32733333333;
131;-21.61850952;165.34906594;128.559;
132;-21.61851125;165.34916408333;128.84216666667;
133;-21.618511433333;165.34926123333;129.09833333333;
134;-21.61851032;165.34935652;129.4538;
135;-21.618507983333;165.34945496667;129.80566666667;
136;-21.61850472;165.3495437;130.2004;
137;-21.618500133333;165.34963223333;130.804;
138;-21.618494383333;165.34972888333;131.358;
138;-21.618494383333;165.34972888333;131.358;Eagle_ray;1729;1425;1750;1456
139;-21.61848854;165.34981802;131.769;
140;-21.618481766667;165.34990728333;132.2975;
141;-21.618472366667;165.35001963333;132.928;
142;-21.61846444;165.35010796;133.391;
143;-21.618455633333;165.35019661667;133.88966666667;
144;-21.618443816667;165.35030926667;134.50616666667;
145;-21.61843402;165.3503983;134.9362;
146;-21.61842345;165.35048761667;135.37666666667;
147;-21.61841062;165.35059202;135.8704;
148;-21.618398983333;165.35068026667;136.29033333333;
149;-21.61838585;165.35077643333;136.76766666667;
150;-21.61836876;165.35089608;137.3778;
151;-21.618355316667;165.35098341667;137.81933333333;
152;-21.618339483333;165.35108081667;138.32416666667;
153;-21.61831984;165.35119628;138.9062;
154;-21.618303933333;165.35128321667;139.25483333333;
155;-21.61828732;165.35136976;139.7264;
156;-21.6182675;165.3514691;140.1975;
157;-21.618247066667;165.35156551667;140.63516666667;
158;-21.61822788;165.35165156;140.9974;
159;-21.618204133333;165.35175333333;141.46866666667;
160;-21.6181815;165.35184716667;141.8265;
161;-21.61815976;165.35193346;142.149;
162;-21.618133433333;165.3520324;142.51816666667;
163;-21.618107516667;165.35212883333;142.67016666667;
164;-21.61808308;165.35221512;142.8906;
165;-21.618052766667;165.3523176;143.12283333333;
166;-21.61802568;165.35240356;143.3126;
167;-21.617997516667;165.35248905;143.52633333333;
168;-21.617965883333;165.35258271667;143.73933333333;
169;-21.61793586;165.35266832;143.8816;
170;-21.617904883333;165.35275345;144.05483333333;
171;-21.6178698;165.35284608333;144.26583333333;
172;-21.61783662;165.35293112;144.4096;
173;-21.617802533333;165.35301565;144.61666666667;
174;-21.617764083333;165.35310735;144.901;
175;-21.6177281;165.3531916;145.0936;
176;-21.61769155;165.35327518333;145.36;
177;-21.61765448;165.35335872;145.6306;
178;-21.61761645;165.35344205;145.8945;
179;-21.617575483333;165.35353066667;146.3965;
180;-21.61753004;165.3536272;146.8902;
181;-21.6174907;165.35370975;147.20233333333;
182;-21.617447316667;165.35379948333;147.56916666667;
183;-21.61740732;165.35388148;147.907;
184;-21.617367016667;165.35396301667;148.26383333333;
185;-21.6173264;165.35404484;148.58;
186;-21.617285466667;165.35412635;148.95;
187;-21.617240516667;165.35421545;149.27683333333;
188;-21.61719906;165.3542981;149.5966;
189;-21.617157583333;165.35437945;149.99033333333;
190;-21.617112233333;165.35446728333;150.39783333333;
191;-21.61707048;165.35454794;150.6342;
192;-21.617029383333;165.35462883333;150.967;
193;-21.6169838;165.35471673333;151.49583333333;
194;-21.61694188;165.35479754;151.8374;
195;-21.616900466667;165.35487846667;152.08716666667;
196;-21.61685904;165.35495942;152.2284;
197;-21.6168178;165.35504078333;152.4115;
198;-21.616773166667;165.35512966667;152.66966666667;
199;-21.61673274;165.35521134;152.8678;
200;-21.616693183333;165.35529313333;153.09;
201;-21.6166507;165.35538241667;153.45216666667;
202;-21.61661236;165.35546452;153.6862;
203;-21.616574516667;165.35554661667;153.7585;
204;-21.616534;165.35563703333;153.90966666667;
205;-21.6164974;165.35572136;153.9198;
206;-21.61646195;165.3558061;153.68266666667;
207;-21.61642788;165.35589134;153.1848;
208;-21.616395466667;165.35597848333;152.62733333333;
209;-21.616362683333;165.35607545;152.0255;
210;-21.61633366;165.35616546;151.5006;
211;-21.616306316667;165.35625588333;150.966;
212;-21.616277633333;165.35635535;150.452;
213;-21.61624796;165.35646452;149.9334;
214;-21.616223966667;165.3565578;149.6955;
215;-21.6162011;165.35665106;149.571;
216;-21.616175666667;165.35675978333;149.6115;
217;-21.6161519;165.35686591667;149.901;
218;-21.61613114;165.3569607;150.2786;
219;-21.616108783333;165.35706693333;150.6715;
220;-21.616086683333;165.35717606667;151.0375;
221;-21.61606736;165.35727068;151.4154;
222;-21.616042916667;165.35739103333;151.9265;
223;-21.616020233333;165.35750205;152.43416666667;
224;-21.61600114;165.3575954;152.8896;
225;-21.6159797;165.3576994;153.38233333333;
226;-21.61595924;165.35779748;153.8758;
227;-21.615940016667;165.35788958333;154.3245;
228;-21.6159162;165.35800393333;155.01716666667;
229;-21.61589678;165.35809844;155.5422;
230;-21.61587765;165.35818985;156.03133333333;
231;-21.615853933333;165.35830281667;156.61616666667;
232;-21.6158341;165.35839548;157.1888;
233;-21.615814383333;165.35848503333;157.76016666667;
234;-21.615789766667;165.35859683333;158.416;
235;-21.61576908;165.3586886;158.9294;
236;-21.61574875;165.35877768333;159.39766666667;
237;-21.61572526;165.3588794;159.9302;
238;-21.61570415;165.3589713;160.27616666667;
239;-21.615682133333;165.3590682;160.52366666667;
240;-21.61565868;165.35916946;160.8188;
241;-21.6156368;165.35926103333;161.193;
242;-21.615613383333;165.35935715;161.54233333333;
243;-21.61558908;165.3594542;161.9688;
244;-21.615565266667;165.35954751667;162.27433333333;
245;-21.61554236;165.35963484;162.642;
246;-21.615519133333;165.35972215;162.91433333333;
247;-21.6154929;165.35981648333;163.20233333333;
248;-21.6154684;165.35990248;163.4376;
249;-21.615443033333;165.35998813333;163.67733333333;
250;-21.615414316667;165.36008103333;163.93716666667;
251;-21.6153875;165.36016586;164.192;
252;-21.6153592;165.36025273333;164.31016666667;
253;-21.6153236;165.36035741667;164.51883333333;
254;-21.6152943;165.36044188;164.668;
255;-21.615263316667;165.36052853333;164.81066666667;
256;-21.61522838;165.36062558;164.8474;
257;-21.615197483333;165.36070903333;164.8445;
258;-21.61516355;165.3608007;164.75266666667;
259;-21.61512604;165.36090004;164.7492;
260;-21.615094083333;165.36098366667;164.632;
261;-21.615058733333;165.36107488333;164.4695;
262;-21.61502612;165.36115892;164.288;
263;-21.6149934;165.3612424;164.107;
264;-21.61495745;165.3613336;163.964;
265;-21.61492092;165.36142712;163.7776;
266;-21.614885616667;165.36151818333;163.6905;
267;-21.6148527;165.361603;163.6154;
268;-21.614820283333;165.36168806667;163.488;
269;-21.614784833333;165.36178165;163.314;
270;-21.61475266;165.36186692;163.2362;
271;-21.614720266667;165.36195188333;163.22883333333;
272;-21.614685033333;165.3620442;163.329;
273;-21.6146521;165.36212912;163.435;
274;-21.6146164;165.36222225;163.51633333333;
275;-21.61457498;165.3623309;163.5164;
276;-21.614543066667;165.36241665;163.57;
277;-21.614507283333;165.36251343333;163.63933333333;
278;-21.61447022;165.3626127;163.6896;
279;-21.614438033333;165.36269891667;163.64733333333;
280;-21.614399566667;165.36280343333;163.675;
281;-21.61436034;165.36291052;163.7096;
282;-21.614328616667;165.36299643333;163.80366666667;
283;-21.614293733333;165.3630908;163.905;
284;-21.61426148;165.3631772;164.0476;
285;-21.614228983333;165.36326301667;164.198;
286;-21.61419622;165.36334836;164.33;
287;-21.61416335;165.36343338333;164.48416666667;
288;-21.614127283333;165.36352513333;164.672;
289;-21.614094;165.36360874;164.8708;
290;-21.6140609;165.36369203333;164.998;
291;-21.614025016667;165.36378231667;165.04166666667;
292;-21.61399216;165.36386406;165.0984;
293;-21.613956266667;165.36395285;165.073;
294;-21.61392042;165.36404132;165.1074;
295;-21.613887833333;165.364122;165.166;
296;-21.613849133333;165.36421656667;165.294;
297;-21.61381368;165.36430348;165.4546;
298;-21.61378125;165.36438308333;165.44066666667;
299;-21.613742833333;165.36447723333;165.28166666667;
300;-21.61370746;165.3645639;165.0758;
301;-21.613674566667;165.3646429;164.88433333333;
302;-21.613635333333;165.36473606667;164.7345;
303;-21.6135988;165.36482176;164.6042;
304;-21.6135649;165.36490028333;164.535;
305;-21.61352706;165.3649874;164.3956;
306;-21.613490383333;165.3650718;164.17516666667;
307;-21.6134532;165.36515745;164.01666666667;
308;-21.61341272;165.36525044;163.8444;
309;-21.613371883333;165.36534348333;163.63416666667;
310;-21.613334483333;165.36542951667;163.5305;
311;-21.61329654;165.36551712;163.4084;
312;-21.61325995;165.36560198333;163.25716666667;
313;-21.6132228;165.36568836667;163.04983333333;
314;-21.61318872;165.36576784;162.7712;
315;-21.613155033333;165.36584781667;162.397;
316;-21.61312172;165.36592866;161.7648;
317;-21.613087;165.36601538333;161.1435;
318;-21.613048;165.36611523333;160.7575;
319;-21.61301652;165.36619808;160.4704;
320;-21.6129848;165.36628346667;160.28766666667;
321;-21.612947066667;165.36638693333;160.01666666667;
322;-21.61291742;165.36647056;159.9444;
323;-21.612888533333;165.3665548;159.91516666667;
324;-21.61285566;165.36665482;159.8232;
325;-21.61282955;165.36673985;159.68216666667;
326;-21.612802466667;165.36683333333;159.53;
327;-21.61277426;165.36693472;159.4072;
328;-21.612751833333;165.36702133333;159.1795;
329;-21.612728833333;165.36711651667;158.74133333333;
330;-21.61270928;165.36720398;158.3918;
331;-21.61269085;165.36729161667;157.97033333333;
332;-21.61267275;165.36738758333;157.58516666667;
333;-21.61265794;165.36747618;157.2448;
334;-21.612644516667;165.36756511667;156.938;
335;-21.61263206;165.36765406;156.627;
336;-21.61262135;165.36774355;156.279;
337;-21.612611166667;165.36784151667;156.06216666667;
338;-21.6126028;165.36793162;155.9216;
339;-21.612595516667;165.36802163333;155.77616666667;
340;-21.61258955;165.3681211;155.29266666667;
341;-21.6125856;165.36821254;155.0054;
342;-21.612583116667;165.36830451667;154.89766666667;
343;-21.6125822;165.36840531667;154.75466666667;
344;-21.61258288;165.36849762;154.5542;
345;-21.612584733333;165.36858995;154.40666666667;
346;-21.61258762;165.36868266;154.3042;
347;-21.61259145;165.36877516667;154.17116666667;
348;-21.612596333333;165.36887571667;154.02933333333;
349;-21.61260174;165.36896728;153.9504;
350;-21.612608266667;165.36905873333;153.9205;
351;-21.6126165;165.36915845;153.93633333333;
352;-21.6126246;165.36924966;153.916;
353;-21.61263345;165.36934063333;153.86983333333;
354;-21.6126428;165.36943156;153.8324;
355;-21.6126527;165.36952253333;153.79166666667;
356;-21.612664066667;165.36962176667;153.67633333333;
357;-21.61267524;165.36971252;153.6374;
358;-21.612686866667;165.36980326667;153.49916666667;
359;-21.612700116667;165.36990205;153.35266666667;
360;-21.61271226;165.36999252;153.2666;
361;-21.612724533333;165.37008268333;153.378;
362;-21.6127381;165.37018106667;153.47016666667;
363;-21.61275066;165.3702709;153.6386;
364;-21.612763783333;165.37036076667;153.76516666667;
365;-21.61277728;165.3704504;153.7528;
366;-21.6127911;165.37054008333;153.5895;
367;-21.61280655;165.3706378;153.25616666667;
368;-21.61282084;165.37072732;153.1384;
369;-21.612835033333;165.37081636667;153.19083333333;
370;-21.612850566667;165.37091373333;153.1525;
371;-21.61286476;165.371003;153.0484;
372;-21.612878883333;165.37109243333;152.87733333333;
373;-21.612894616667;165.37119038333;152.64116666667;
374;-21.61290894;165.37128012;152.478;
375;-21.612923583333;165.37136998333;152.38033333333;
376;-21.61293832;165.37145968;152.205;
377;-21.6129535;165.37154916667;152.119;
378;-21.6129702;165.37164708333;152.13216666667;
379;-21.6129861;165.37173712;152.229;
380;-21.613001933333;165.37182726667;152.38883333333;
381;-21.613019633333;165.37192546667;152.598;
382;-21.61303598;165.37201518;152.8906;
383;-21.613052483333;165.3721048;153.1845;
384;-21.61306906;165.37219462;153.493;
385;-21.61308575;165.37228436667;153.72183333333;
386;-21.61310395;165.37238213333;153.9875;
387;-21.61312054;165.37247134;154.342;
388;-21.6131374;165.37256025;154.66233333333;
389;-21.613156;165.37265736667;154.86383333333;
390;-21.6131734;165.37274632;154.985;
391;-21.613191166667;165.3728349;155.13116666667;
392;-21.613210966667;165.37293148333;155.28733333333;
393;-21.61322892;165.3730202;155.465;
394;-21.6132468;165.37310856667;155.66033333333;
395;-21.6132645;165.37319676;155.8446;
396;-21.613282066667;165.3732851;155.98016666667;
397;-21.6133013;165.37338165;156.1385;
398;-21.61331886;165.37347048;156.2706;
399;-21.6133362;165.37355913333;156.3765;
400;-21.61335495;165.3736563;156.42083333333;
401;-21.61337254;165.37374596;156.3946;
402;-21.613390166667;165.37383576667;156.38766666667;
403;-21.613409466667;165.37393368333;156.234;
404;-21.61342804;165.3740234;156.078;
405;-21.613447166667;165.37411276667;155.79166666667;
406;-21.61346626;165.3742026;155.2826;
407;-21.61348595;165.37429263333;154.679;
408;-21.6135074;165.37439081667;154.10766666667;
409;-21.61352812;165.3744809;153.6174;
410;-21.61354935;165.37457121667;153.2145;
411;-21.6135731;165.37466966667;152.79366666667;
412;-21.61359564;165.3747604;152.243;
413;-21.6136187;165.37485121667;151.78333333333;
414;-21.61364212;165.37494182;151.3702;
415;-21.6136658;165.3750323;150.98366666667;
416;-21.613691866667;165.37513143333;150.76583333333;
417;-21.61371586;165.3752225;150.7652;
418;-21.6137401;165.3753126;150.6915;
419;-21.6137666;165.3754118;150.535;
420;-21.61379134;165.37550294;150.414;
421;-21.61381655;165.3755942;150.32066666667;
422;-21.61384445;165.37569351667;150.29683333333;
423;-21.61387056;165.37578418;150.2652;
424;-21.61389705;165.37587445;150.2635;
425;-21.61392448;165.37596546;150.2332;
426;-21.61395255;165.37605663333;150.29916666667;
427;-21.61398345;165.3761555;150.46683333333;
428;-21.614012;165.37624616;150.6498;
429;-21.614040466667;165.37633593333;150.69333333333;
430;-21.614071816667;165.37643376667;150.73683333333;
431;-21.61410094;165.37652324;150.788;
432;-21.614130433333;165.37661231667;150.8965;
433;-21.61416002;165.37670134;151.0416;
434;-21.61418985;165.37679095;151.179;
435;-21.614222216667;165.37688845;151.29183333333;
436;-21.61425188;165.37697728;151.38;
437;-21.61428145;165.37706626667;151.47266666667;
438;-21.61431375;165.37716358333;151.59866666667;
439;-21.614344;165.37725548;151.7236;
440;-21.614376666667;165.37735715;151.86283333333;
441;-21.614407316667;165.37745458333;152.05466666667;
442;-21.61443532;165.37754698;152.193;
443;-21.614464866667;165.37764953333;152.35233333333;
444;-21.6144891;165.37773948;152.5994;
445;-21.614511266667;165.37783015;152.8195;
446;-21.614532466667;165.37792938333;153.17283333333;
447;-21.61454956;165.37802074;153.5042;
448;-21.614565266667;165.3781121;153.52066666667;
449;-21.614580983333;165.37822675;153.7355;
450;-21.61459116;165.378322;153.934;
451;-21.614598516667;165.37841496667;154.05366666667;
452;-21.61460465;165.37852971667;154.26416666667;
453;-21.61460586;165.37862426;154.6312;
454;-21.614605283333;165.37871638333;155.09166666667;
455;-21.6146022;165.378808;155.3586;
456;-21.61459635;165.37889826667;155.61783333333;
457;-21.6145877;165.37899681667;155.91566666667;
458;-21.61457756;165.37908674;156.1682;
459;-21.61456535;165.37917653333;156.426;
460;-21.614549166667;165.37927346667;156.75516666667;
461;-21.6145325;165.37936154;157.001;
462;-21.614513966667;165.37944938333;157.069;
463;-21.61449346;165.37953714;157.0868;
464;-21.6144707;165.37962398333;157.1015;
465;-21.614444266667;165.37971788333;157.07666666667;
466;-21.61441822;165.37980344;157.0818;
467;-21.61439015;165.37988836667;156.8705;
468;-21.614353216667;165.37999313333;156.5235;
469;-21.61432074;165.38007932;156.1602;
470;-21.614287766667;165.38016271667;155.80866666667;
471;-21.6142498;165.38025268333;155.40233333333;
472;-21.61421328;165.38033384;155.1164;
473;-21.61417475;165.38041441667;154.81133333333;
474;-21.61413522;165.38049446;154.5998;
475;-21.61409425;165.38057386667;154.51466666667;
476;-21.614048166667;165.38066021667;154.50633333333;
477;-21.61400456;165.38073886;154.5574;
478;-21.613960333333;165.38081703333;154.69716666667;
479;-21.613911616667;165.38090165;154.99316666667;
480;-21.61386618;165.38097808;155.1476;
481;-21.613820333333;165.38105418333;155.212;
482;-21.6137702;165.3811367;155.39933333333;
483;-21.61372368;165.38121192;155.603;
484;-21.613677116667;165.38128678333;155.8655;
485;-21.61363022;165.38136102;156.1044;
486;-21.613583316667;165.38143495;156.369;
487;-21.6135319;165.38151493333;156.64;
488;-21.61348486;165.38158838;156.854;
489;-21.613437516667;165.38166156667;157.024;
490;-21.613385583333;165.38174163333;157.1155;
491;-21.61333762;165.38181544;157.1182;
492;-21.613289316667;165.38188873333;157.24033333333;
493;-21.61323896;165.38196456;157.3798;
494;-21.613182666667;165.38204798333;157.55283333333;
495;-21.6131282;165.38212651667;157.68783333333;
496;-21.61307224;165.38220542;157.7702;
497;-21.613008216667;165.3822937;157.80116666667;
498;-21.612951483333;165.38237006667;157.7085;
499;-21.61288884;165.3824524;157.5842;
500;-21.612825533333;165.3825341;157.43983333333;
501;-21.6127667;165.38260886667;157.37316666667;
502;-21.61270614;165.38268398;157.3832;
503;-21.61264625;165.38275628333;156.98783333333;
504;-21.61258954;165.38282296;156.6208;
505;-21.612527116667;165.38289518333;156.32983333333;
506;-21.6124587;165.38297273333;156.12566666667;
507;-21.61240026;165.38303786;156.0046;
508;-21.612336083333;165.38310826667;155.91516666667;
509;-21.61226585;165.38318418333;155.7935;
510;-21.61220586;165.38324784;155.7366;
511;-21.612140533333;165.38331675;155.783;
512;-21.612069083333;165.38339121667;155.55233333333;
513;-21.61200856;165.38345358;155.3548;
514;-21.611942483333;165.38352113333;155.13066666667;
515;-21.61187598;165.3835887;154.8616;
516;-21.611814866667;165.38365048333;154.64866666667;
517;-21.611742283333;165.38372356667;154.49383333333;
518;-21.6116747;165.38379064;154.3578;
519;-21.611612916667;165.38385178333;154.43616666667;
520;-21.611535866667;165.38392706667;154.60433333333;
521;-21.61145992;165.38399986;154.5764;
522;-21.611397183333;165.3840589;154.54866666667;
523;-21.6113294;165.3841217;154.4968;
524;-21.611258633333;165.38418643333;154.47383333333;
525;-21.611188333333;165.38424973333;154.379;
526;-21.61111868;165.3843116;154.2948;
527;-21.6110458;165.38437471667;154.1955;
528;-21.610974166667;165.38443581667;154.07216666667;
529;-21.6109029;165.38449558;153.9712;
530;-21.610828416667;165.38455665;153.80333333333;
531;-21.610754433333;165.38461585;153.64466666667;
532;-21.61067878;165.3846755;153.5036;
533;-21.610592583333;165.38474226667;153.41033333333;
534;-21.61052342;165.38479444;153.3848;
535;-21.61044105;165.38485506667;153.54716666667;
536;-21.610351733333;165.38491985;153.6785;
537;-21.6102812;165.38497048;153.8964;
538;-21.61019605;165.3850319;154.08133333333;
539;-21.610108816667;165.3850945;154.0855;
540;-21.61003866;165.38514468;153.9982;
541;-21.609959766667;165.38520066667;153.93716666667;
542;-21.609878433333;165.38525796667;153.81683333333;
543;-21.60980776;165.38530732;153.717;
544;-21.60972845;165.3853625;153.5465;
545;-21.60965304;165.3854145;153.3196;
546;-21.609581883333;165.38546315;153.0885;
547;-21.609488733333;165.38552611667;152.84116666667;
548;-21.6094062;165.38558112;152.6242;
549;-21.60933415;165.3856285;152.40233333333;
550;-21.609235616667;165.38569303333;152.14316666667;
551;-21.60915666;165.3857445;151.8344;
552;-21.6090838;165.38579145;151.53116666667;
553;-21.60900054;165.38584528;151.134;
554;-21.608924883333;165.38589386667;150.72833333333;
555;-21.608845266667;165.385945;150.25266666667;
556;-21.60876178;165.3859994;149.7386;
557;-21.608686333333;165.38604891667;149.13633333333;
558;-21.608607116667;165.38610185;148.39566666667;
559;-21.60852418;165.38615864;147.6404;
560;-21.608449766667;165.3862114;146.898;
561;-21.60837185;165.38626816667;146.18516666667;
562;-21.60828362;165.386336;145.4498;
563;-21.608206716667;165.38639793333;144.93416666667;
564;-21.60813854;165.38645544;144.5314;
565;-21.608045616667;165.38653846667;144.058;
566;-21.60796565;165.38661631667;143.61033333333;
567;-21.607901;165.38668356;143.3132;
568;-21.6078214;165.38677276667;142.91333333333;
569;-21.607758966667;165.38684886667;142.55583333333;
570;-21.6077018;165.3869227;142.3662;
571;-21.60764145;165.38700631667;142.08733333333;
572;-21.607586883333;165.3870874;141.78816666667;
573;-21.60753802;165.38716566;141.5526;
574;-21.6074871;165.3872533;141.2355;
575;-21.60744542;165.38733054;140.9038;
576;-21.60740505;165.38741076667;140.64583333333;
577;-21.6073593;165.38750855;140.34833333333;
578;-21.6073248;165.38758776;140.0316;
579;-21.607291566667;165.38767013333;139.67866666667;
580;-21.607254233333;165.38776996667;139.14683333333;
581;-21.60722644;165.38785046;138.6578;
582;-21.607200733333;165.38793133333;138.10566666667;
583;-21.60717392;165.38802464;137.4528;
584;-21.607152533333;165.38810968333;136.852;
585;-21.60713255;165.3882;136.149;
586;-21.6071137;165.3882981;135.3134;
587;-21.607100366667;165.3883815;134.536;
588;-21.60708835;165.3884725;133.64916666667;
589;-21.6070785;165.3885683;132.6774;
590;-21.6070716;165.38865468333;131.742;
591;-21.607067783333;165.38874593333;130.70083333333;
592;-21.6070673;165.38882972;129.6812;
593;-21.6070697;165.38891333333;128.62416666667;
594;-21.60707448;165.38899656;127.6032;
595;-21.607082116667;165.38907956667;126.53516666667;
596;-21.607093916667;165.38917013333;125.42566666667;
597;-21.60710792;165.38925308;124.4158;
598;-21.607124733333;165.38933585;123.42383333333;
599;-21.607146016667;165.38942576667;122.265;
600;-21.6071677;165.3895078;121.0476;
601;-21.607190866667;165.38958968333;119.74016666667;
602;-21.60721558;165.38967122;118.303;
603;-21.6072417;165.38975251667;116.70516666667;
604;-21.6072716;165.38984123333;114.88533333333;
605;-21.60730012;165.3899226;113.2264;
606;-21.60732975;165.39000403333;111.59483333333;
607;-21.60736315;165.39009326667;109.8565;
608;-21.60739472;165.39017544;108.2132;
609;-21.607427033333;165.39025805;106.5905;
610;-21.607462766667;165.39034855;104.9095;
611;-21.60749564;165.3904319;103.5026;
612;-21.60752825;165.39051516667;102.26416666667;
613;-21.60756062;165.39059838;101.0262;
614;-21.607592883333;165.3906816;99.796666666667;
615;-21.607627883333;165.3907724;98.508;
616;-21.60766004;165.3908557;97.3576;
617;-21.6076924;165.39093911667;96.392;
618;-21.6077333;165.39104273333;95.418833333333;
619;-21.6077674;165.39112824;94.5928;
620;-21.607800466667;165.39121116667;93.662333333333;
621;-21.607841416667;165.39131433333;92.371166666667;
622;-21.60787896;165.39140926;91.1906;
623;-21.607913833333;165.39149871667;90.1945;
624;-21.60795178;165.39159744;89.198;
625;-21.6079796;165.3916712;88.552333333333;
626;-21.608011433333;165.39175798333;87.6795;
627;-21.60804632;165.39185484;86.5862;
628;-21.608076983333;165.3919429;85.506166666667;
629;-21.608108283333;165.39203621667;84.415333333333;
630;-21.6081394;165.3921348;83.4306;
631;-21.608166316667;165.39222373333;82.52;
632;-21.6081912;165.3923098;81.8078;
633;-21.6082174;165.3924035;80.983166666667;
634;-21.608245516667;165.39250486667;79.879333333333;
635;-21.60826936;165.39259048;78.883;
636;-21.608295683333;165.39268361667;77.811;
637;-21.608324433333;165.39278431667;76.729666666667;
638;-21.60834902;165.39286948;75.9704;
639;-21.60837565;165.3929623;75.2455;
640;-21.608403833333;165.39306261667;74.405166666667;
641;-21.60842748;165.39314726;73.7472;
642;-21.608453116667;165.39323925;72.961;
643;-21.60847882;165.39333082;72.0846;
644;-21.6085024;165.39341433333;71.263666666667;
645;-21.608530683333;165.39351268333;70.319833333333;
646;-21.60855696;165.39360308;69.453;
647;-21.6085814;165.39368526667;68.694;
648;-21.60861;165.39377955;67.862166666667;
649;-21.60863842;165.3938711;67.2028;
650;-21.608664233333;165.39395251667;66.698;
651;-21.608693566667;165.39404621667;66.254833333333;
652;-21.60872156;165.39413738;65.7516;
653;-21.60874615;165.3942183;65.222;
654;-21.60877126;165.39430168;64.6472;
655;-21.608798683333;165.39439363333;64.03;
656;-21.60882445;165.39448055;63.523333333333;
657;-21.60884858;165.39456258;63.0932;
658;-21.608874733333;165.3946528;62.713666666667;
659;-21.608899683333;165.39473821667;62.457;
660;-21.60892304;165.39481864;62.2314;
661;-21.608948566667;165.39490711667;62.055333333333;
662;-21.6089705;165.39498354;62.0024;
663;-21.608993633333;165.395064;61.916166666667;
664;-21.609023666667;165.3951686;61.810333333333;
665;-21.6090453;165.3952427;61.8118;
666;-21.609067633333;165.39531835;61.801333333333;
667;-21.60909435;165.3954088;61.686666666667;
668;-21.60911578;165.39548102;61.6144;
669;-21.609137766667;165.39555486667;61.579833333333;
670;-21.60916395;165.39564298333;61.542166666667;
671;-21.60918472;165.39571314;61.4698;
672;-21.609205616667;165.39578456667;61.511666666667;
673;-21.60922876;165.39586382;61.4524;
674;-21.609248516667;165.39593201667;61.435666666667;
675;-21.609270383333;165.39600798333;61.459833333333;
676;-21.60929262;165.39608492;61.4796;
677;-21.609311983333;165.39615083333;61.491666666667;
678;-21.609334366667;165.39622621667;61.479166666667;
679;-21.6093597;165.3963106;61.4642;
680;-21.60937895;165.39637448333;61.462166666667;
681;-21.60940285;165.39645341667;61.4725;
682;-21.60942598;165.39652974;61.478;
683;-21.609445;165.396592;61.475;
684;-21.6094671;165.39666548;61.5014;
685;-21.609488666667;165.3967382;61.494333333333;
686;-21.60950825;165.39680465;61.502666666667;
687;-21.60952708;165.39686966;61.5124;
688;-21.609546266667;165.39693631667;61.522333333333;
689;-21.609564933333;165.39700136667;61.532333333333;
690;-21.60958286;165.3970648;61.5578;
691;-21.6096013;165.39712986667;61.523833333333;
692;-21.60961786;165.39718818;61.5152;
693;-21.6096342;165.397246;61.510833333333;
694;-21.609651916667;165.39730843333;61.509666666667;
695;-21.60966814;165.39736522;61.5004;
696;-21.60968435;165.3974215;61.483333333333;
697;-21.609704866667;165.39749256667;61.496166666667;
698;-21.60972106;165.3975478;61.4834;
699;-21.6097372;165.39760265;61.503166666667;
700;-21.609757783333;165.39767165;61.5365;
701;-21.60977402;165.39772538;61.5396;
702;-21.609790683333;165.39778031667;61.552333333333;
703;-21.60980914;165.39784112;61.5664;
704;-21.609824883333;165.39789335;61.586;
705;-21.609841733333;165.39794973333;61.618333333333;
706;-21.60985952;165.39801014;61.6274;
707;-21.609874366667;165.39806065;61.641666666667;
708;-21.609890216667;165.39811521667;61.6615;
709;-21.60990726;165.39817344;61.6572;
710;-21.609921483333;165.3982221;61.6385;
711;-21.60993715;165.398276;61.6405;
712;-21.60995302;165.3983308;61.6346;
713;-21.6099665;165.39837798333;61.638333333333;
714;-21.60997972;165.39842474;61.6346;
715;-21.60999705;165.39848621667;61.611166666667;
716;-21.610011566667;165.39853733333;61.5975;
717;-21.61002452;165.3985826;61.562;
718;-21.610039316667;165.39863408333;61.557;
719;-21.61005365;165.3986838;61.563666666667;
720;-21.61006654;165.39872924;61.551;
721;-21.610082683333;165.39878688333;61.571833333333;
722;-21.61009466;165.39882982;61.537;
723;-21.61010655;165.39887223333;61.524166666667;
724;-21.6101218;165.39892545;61.5335;
725;-21.61013406;165.39896662;61.522;
726;-21.610147166667;165.39900845;61.504666666667;
727;-21.610162816667;165.39905841667;61.489833333333;
728;-21.6101751;165.39909828;61.4746;
729;-21.610187533333;165.39913866667;61.462333333333;
730;-21.610204616667;165.39919366667;61.4525;
731;-21.6102165;165.39923178;61.4232;
732;-21.610229516667;165.39927271667;61.391;
733;-21.6102447;165.39931986;61.3714;
734;-21.610256383333;165.3993563;61.356833333333;
735;-21.610269316667;165.3993965;61.35;
736;-21.61028226;165.3994372;61.341;
737;-21.6102932;165.39947223333;61.3385;
738;-21.61030505;165.39951116667;61.310166666667;
739;-21.6103167;165.3995507;61.2826;
740;-21.61032655;165.39958461667;61.276166666667;
741;-21.61033654;165.39961928;61.2742;
742;-21.610347383333;165.39965695;61.293;
743;-21.610357466667;165.39969208333;61.267333333333;
744;-21.61036658;165.3997236;61.263;
745;-21.610377133333;165.39975993333;61.262333333333;
746;-21.610386483333;165.3997927;61.235;
747;-21.6103951;165.39982318;61.216;
748;-21.61040595;165.39986126667;61.205166666667;
749;-21.6104145;165.39989188333;61.187833333333;
750;-21.61042224;165.39991938;61.1788;
751;-21.610431066667;165.39995118333;61.177166666667;
752;-21.61043852;165.39997746;61.1738;
753;-21.6104458;165.40000326667;61.1865;
754;-21.610455116667;165.4000353;61.188833333333;
755;-21.61046238;165.40005992;61.1826;
756;-21.610469766667;165.40008476667;61.1725;
757;-21.61047845;165.40011416667;61.172333333333;
758;-21.61048526;165.40013732;61.174;
759;-21.610491816667;165.40016;61.159166666667;
760;-21.610499933333;165.40018836667;61.149;
761;-21.61050618;165.40021034;61.1332;
762;-21.610512366667;165.40023216667;61.116;
763;-21.6105207;165.40026164;61.1238;
764;-21.610526683333;165.40028306667;61.134666666667;
765;-21.610533733333;165.40030815;61.137333333333;
766;-21.61054134;165.400335;61.1522;
767;-21.61054735;165.40035591667;61.1465;
768;-21.610554016667;165.40037923333;61.154333333333;
769;-21.61056082;165.4004029;61.1652;
770;-21.6105666;165.40042323333;61.177833333333;
771;-21.61057228;165.40044348;61.1794;
772;-21.6105789;165.40046715;61.196666666667;
773;-21.610584866667;165.4004886;61.180166666667;
774;-21.6105904;165.40050868;61.161;
775;-21.6105965;165.40053051667;61.140666666667;
776;-21.610602183333;165.4005512;61.127;
777;-21.61060718;165.40057004;61.115;
778;-21.6106127;165.40059208333;61.101166666667;
779;-21.610617266667;165.40061196667;61.089;
780;-21.61062128;165.40062968;61.0748;
781;-21.610625766667;165.40064961667;61.076166666667;
782;-21.6106296;165.40066698;61.0546;
783;-21.610633216667;165.40068346667;61.043166666667;
784;-21.6106375;165.40070331667;61.02;
785;-21.61064086;165.40071938;60.9866;
786;-21.61064395;165.40073465;60.9525;
787;-21.61064755;165.40075313333;60.9075;
788;-21.61065042;165.40076836;60.8856;
789;-21.610653233333;165.40078306667;60.889166666667;
790;-21.610656583333;165.4008014;60.883333333333;
791;-21.61065914;165.4008155;60.8738;
792;-21.610661483333;165.40082931667;60.8725;
793;-21.61066394;165.40084522;60.8836;
794;-21.610665833333;165.40085831667;60.893833333333;
795;-21.6106678;165.40087226667;60.9195;
796;-21.61066996;165.40088828;60.9476;
797;-21.6106716;165.40090128333;60.953833333333;
798;-21.610673083333;165.40091413333;60.946666666667;
799;-21.61067438;165.40092716;60.9624;
800;-21.61067515;165.4009387;61.002666666667;
801;-21.61067578;165.4009494;61.0506;
802;-21.610676116667;165.40096085;61.053333333333;
803;-21.610676283333;165.40097206667;61.0575;
804;-21.61067608;165.40098152;61.0674;
805;-21.610675683333;165.40099176667;61.0815;
806;-21.610675033333;165.401002;61.073666666667;
807;-21.61067418;165.40101078;61.0826;
808;-21.610672966667;165.40102031667;61.071333333333;
809;-21.610671466667;165.4010299;61.096166666667;
810;-21.61067006;165.40103802;61.106;
811;-21.61066825;165.40104616667;61.139333333333;
812;-21.61066616;165.40105414;61.1628;
813;-21.610663833333;165.40106193333;61.150666666667;
814;-21.610661233333;165.40107036667;61.155666666667;
815;-21.6106584;165.4010779;61.1568;
816;-21.61065525;165.4010853;61.156833333333;
817;-21.610651233333;165.40109338333;61.138;
818;-21.6106468;165.4011017;61.1472;
819;-21.610642533333;165.40110885;61.153666666667;
820;-21.610637183333;165.40111681667;61.228;
821;-21.61063136;165.40112478;61.2442;
822;-21.610625933333;165.40113135;61.273833333333;
823;-21.6106202;165.4011379;61.3042;
824;-21.6106131;165.40114535;61.289333333333;
825;-21.610605983333;165.40115208333;61.282833333333;
826;-21.6105986;165.40115814;61.2646;
827;-21.6105897;165.40116503333;61.255166666667;
828;-21.61058035;165.40117153333;61.2755;
829;-21.61057096;165.4011773;61.2986;
830;-21.6105599;165.40118323333;61.361833333333;
831;-21.61055004;165.40118804;61.3722;
832;-21.61053975;165.40119253333;61.3955;
833;-21.61052505;165.4011981;61.458666666667;
834;-21.61051474;165.40120162;61.5608;
835;-21.610504233333;165.401205;61.691666666667;
836;-21.6104913;165.4012091;61.851666666667;
837;-21.61048076;165.40121236;61.9222;
838;-21.61046985;165.40121553333;61.963833333333;
839;-21.6104567;165.40121918333;62.000833333333;
840;-21.610446;165.40122208;62.0396;
841;-21.610435;165.40122505;62.0855;
842;-21.61042264;165.4012283;62.1172;
843;-21.61041185;165.40123105;62.149833333333;
844;-21.61039975;165.40123408333;62.199833333333;
845;-21.61038722;165.40123722;62.2354;
846;-21.610376333333;165.40124003333;62.291;
847;-21.610364166667;165.40124315;62.336833333333;
848;-21.61035168;165.40124636;62.3758;
849;-21.61034095;165.40124916667;62.434833333333;
850;-21.610329066667;165.40125226667;62.487333333333;
851;-21.61031534;165.40125576;62.5278;
852;-21.610305166667;165.40125868333;62.606833333333;
853;-21.610295;165.40126164;62.6858;
854;-21.61028305;165.40126523333;62.753833333333;
855;-21.61027215;165.40126843333;62.8015;
856;-21.6102622;165.40127154;62.8414;
857;-21.6102507;165.40127508333;62.871833333333;
858;-21.610240066667;165.4012785;62.915333333333;
859;-21.61023028;165.40128164;62.9594;
860;-21.610218666667;165.40128545;63.012333333333;
861;-21.61020896;165.40128866;63.0432;
862;-21.610199316667;165.40129191667;63.069166666667;
863;-21.610186;165.40129651667;63.016833333333;
864;-21.6101762;165.40129992;63.0278;
865;-21.610166016667;165.40130338333;63.076833333333;
866;-21.610150133333;165.40130873333;63.142333333333;
867;-21.61014032;165.40131216;63.1622;
868;-21.610129783333;165.4013158;63.183;
869;-21.6101178;165.40131996667;63.2025;
870;-21.61010796;165.40132344;63.215;
871;-21.610097683333;165.40132703333;63.203833333333;
872;-21.61008696;165.40133074;63.1934;
873;-21.61007755;165.40133391667;63.206666666667;
874;-21.610066933333;165.40133741667;63.234;
875;-21.6100567;165.4013406;63.267;
876;-21.61004765;165.40134335;63.2965;
877;-21.610037466667;165.4013464;63.331833333333;
878;-21.610028;165.40134912;63.3826;
879;-21.610019833333;165.4013513;63.412333333333;
880;-21.61001174;165.40135318;63.3962;
881;-21.610000466667;165.40135573333;63.356666666667;
882;-21.60999255;165.40135725;63.325166666667;
883;-21.60998402;165.40135858;63.3208;
884;-21.609975766667;165.40135955;63.305666666667;
885;-21.609968383333;165.40136;63.267666666667;
886;-21.6099603;165.40136022;63.2822;
887;-21.609953616667;165.40136001667;63.290833333333;
888;-21.609946933333;165.40135958333;63.270833333333;
889;-21.6099401;165.40135908;63.275;
890;-21.609934016667;165.40135846667;63.228166666667;
891;-21.60992764;165.4013574;63.2438;
892;-21.609920333333;165.40135608333;63.241666666667;
893;-21.609912566667;165.40135443333;63.242166666667;
894;-21.60990558;165.40135266;63.2896;
895;-21.6098977;165.40135031667;63.285;
896;-21.609889483333;165.4013478;63.237;
897;-21.60988228;165.40134552;63.148;
898;-21.6098747;165.40134281667;63.069;
899;-21.609865966667;165.40133918333;63.1135;
900;-21.60985868;165.40133598;63.1616;
901;-21.609851;165.40133268333;63.1615;
902;-21.60984296;165.40132922;63.1356;
903;-21.609835766667;165.4013259;63.155833333333;
904;-21.6098273;165.40132191667;63.219666666667;
905;-21.6098194;165.40131824;63.229;
906;-21.609812233333;165.40131496667;63.215333333333;
907;-21.609803583333;165.40131105;63.224166666667;
908;-21.60979558;165.40130738;63.1914;
909;-21.609788266667;165.40130395;63.168666666667;
910;-21.60978036;165.40130016;63.1634;
911;-21.609772433333;165.40129631667;63.108333333333;
912;-21.609764433333;165.4012925;63.084;
913;-21.60975646;165.40128868;63.0844;
914;-21.609748216667;165.40128463333;63.0925;
915;-21.609740066667;165.40128056667;63.105333333333;
916;-21.60973216;165.40127646;63.1168;
917;-21.609723866667;165.40127215;63.1065;
918;-21.609715616667;165.40126803333;63.112333333333;
919;-21.60970738;165.4012638;63.1176;
920;-21.609698883333;165.40125943333;63.118166666667;
921;-21.6096911;165.40125542;63.146;
922;-21.60968305;165.40125125;63.113;
923;-21.609673066667;165.40124626667;63.116666666667;
924;-21.60966506;165.40124206;63.1342;
925;-21.609656766667;165.401238;63.0985;
926;-21.60964705;165.40123288333;63.049333333333;
927;-21.60963936;165.40122868;63.0518;
928;-21.6096316;165.40122441667;62.9875;
929;-21.609622616667;165.40121913333;62.9405;
930;-21.60961542;165.40121484;62.8952;
931;-21.609608016667;165.40121033333;62.869;
932;-21.6095986;165.40120438;62.8384;
933;-21.60959185;165.40119988333;62.804;
934;-21.6095837;165.40119448333;62.782333333333;
935;-21.60957578;165.40118886;62.7368;
936;-21.60956995;165.4011847;62.619166666667;
937;-21.609563633333;165.40117991667;62.4595;
938;-21.60955744;165.40117502;62.4162;
939;-21.60955205;165.40117041667;62.437833333333;
940;-21.60954648;165.40116526;62.519;
941;-21.6095406;165.40115981667;62.506166666667;
942;-21.60953535;165.40115468333;62.494;
943;-21.60953056;165.4011498;62.4846;
944;-21.609525783333;165.40114438333;62.45;
945;-21.609521416667;165.40113918333;62.407333333333;
946;-21.60951736;165.40113438;62.4044;
947;-21.609512716667;165.40112806667;62.326666666667;
948;-21.60950895;165.40112273333;62.407166666667;
949;-21.60950526;165.4011172;62.5948;
950;-21.6095018;165.40111136667;62.6095;
951;-21.60949934;165.40110706;62.5804;
952;-21.609496633333;165.40110208333;62.605666666667;
953;-21.609493716667;165.40109636667;62.673333333333;
954;-21.60949176;165.40109188;62.7378;
955;-21.609489933333;165.40108708333;62.756333333333;
956;-21.609488016667;165.40108198333;62.708833333333;
957;-21.60948662;165.4010777;62.6416;
958;-21.6094853;165.40107276667;62.6365;
959;-21.6094841;165.4010671;62.694;
960;-21.60948336;165.40106224;62.6872;
961;-21.609482566667;165.40105726667;62.601166666667;
962;-21.609482;165.40105216;62.5766;
963;-21.609481616667;165.40104756667;62.570833333333;
964;-21.60948145;165.4010424;62.5805;
965;-21.60948132;165.40103772;62.62;
966;-21.609481683333;165.40103326667;62.641833333333;
967;-21.609482266667;165.40102813333;62.637166666667;
968;-21.60948276;165.40102346;62.6674;
969;-21.609483066667;165.40101946667;62.692333333333;
970;-21.60948342;165.40101554;62.7086;
971;-21.609483866667;165.40101133333;62.800666666667;
972;-21.609484533333;165.40100736667;62.791333333333;
973;-21.60948514;165.40100348;62.7904;
974;-21.609485783333;165.40099925;62.830333333333;
975;-21.60948635;165.40099511667;62.944666666667;
976;-21.6094869;165.4009915;62.9664;
977;-21.6094876;165.40098771667;63.000333333333;
978;-21.609488083333;165.4009843;63.02;
979;-21.60948852;165.40098124;63.0046;
980;-21.609489066667;165.40097813333;62.9605;
981;-21.60948946;165.40097562;62.9926;
982;-21.609489683333;165.40097351667;62.9565;
983;-21.609490083333;165.40097096667;62.958;
984;-21.60949032;165.40096926;62.9726;
985;-21.60949055;165.40096771667;62.9455;
986;-21.609490816667;165.40096601667;62.886833333333;
987;-21.60949094;165.40096494;62.8498;
988;-21.6094911;165.40096413333;62.785666666667;
989;-21.60949125;165.40096335;62.707833333333;
990;-21.60949136;165.40096288;62.6792;
991;-21.609491366667;165.40096266667;62.675166666667;
992;-21.60949148;165.40096252;62.647;
993;-21.609491466667;165.4009625;62.595666666667;
994;-21.609491466667;165.40096246667;62.534;
995;-21.60949148;165.40096242;62.478;
996;-21.6094915;165.4009624;62.419;
997;-21.609491566667;165.4009624;62.352666666667;
998;-21.6094917;165.40096242;62.2992;
999;-21.609491716667;165.4009625;62.270666666667;
1000;-21.6094917;165.40096256;62.2878;
1001;-21.6094917;165.40096265;62.325666666667;
1002;-21.60949165;165.4009627;62.318;
1003;-21.60949156;165.4009628;62.3098;
1004;-21.609491383333;165.40096281667;62.2795;
1005;-21.609491233333;165.4009629;62.266166666667;
1006;-21.6094911;165.4009629;62.247;
1007;-21.609490966667;165.40096295;62.261833333333;
1008;-21.609490816667;165.40096306667;62.3105;
1009;-21.60949076;165.40096314;62.3374;
1010;-21.609490633333;165.40096325;62.370166666667;
1011;-21.60949058;165.40096334;62.3922;
1012;-21.609490466667;165.4009634;62.398166666667;
1013;-21.609490266667;165.40096343333;62.4215;
1014;-21.60949008;165.4009634;62.4648;
1015;-21.609489866667;165.4009634;62.506833333333;
1016;-21.60948975;165.4009634;62.561166666667;
1017;-21.6094896;165.4009634;62.6082;
1018;-21.609489466667;165.40096336667;62.654666666667;
1019;-21.60948936;165.4009633;62.689;
1020;-21.609489133333;165.40096335;62.713666666667;
1021;-21.609488966667;165.40096338333;62.748833333333;
1022;-21.60948878;165.4009634;62.777;
1023;-21.609488666667;165.40096341667;62.800333333333;
1024;-21.609488566667;165.40096346667;62.829666666667;
1025;-21.6094885;165.40096346;62.8448;
1026;-21.6094884;165.4009634;62.870166666667;
1027;-21.609488383333;165.4009634;62.891666666667;
1028;-21.6094884;165.40096338;62.9026;
1029;-21.609488316667;165.4009633;62.9115;
1030;-21.6094882;165.40096332;62.9206;
1031;-21.6094881;165.40096333333;62.9235;
1032;-21.609488;165.40096331667;62.935;
1033;-21.60948786;165.40096328;62.951;
1034;-21.609487783333;165.4009632;62.9715;
1035;-21.6094877;165.4009631;62.968666666667;
1036;-21.6094877;165.40096302;62.97;
1037;-21.6094877;165.40096295;62.993666666667;
1038;-21.60948765;165.40096281667;62.997;
1039;-21.60948768;165.40096274;63.0072;
1040;-21.609487783333;165.40096258333;63.0145;
1041;-21.6094878;165.4009625;63.028;
1042;-21.609487833333;165.4009624;63.042666666667;
1043;-21.60948795;165.4009623;63.0565;
1044;-21.609488;165.4009622;63.0568;
1045;-21.609488033333;165.40096216667;63.048833333333;
1046;-21.60948805;165.40096203333;63.046833333333;
1047;-21.609488;165.40096194;63.0466;
1048;-21.609488;165.40096183333;63.0485;
1049;-21.60948792;165.4009618;63.0504;
1050;-21.609487866667;165.40096178333;63.053333333333;
1051;-21.6094878;165.40096175;63.065;
1052;-21.6094878;165.4009617;63.066;
1053;-21.6094878;165.4009617;63.067;
1054;-21.609487783333;165.40096168333;63.061666666667;
1055;-21.6094877;165.40096162;63.0648;
1056;-21.609487683333;165.4009615;63.097666666667;
1057;-21.60948765;165.40096146667;63.093166666667;
1058;-21.60948766;165.40096142;63.0866;
1059;-21.609487616667;165.40096141667;63.0925;
1060;-21.60948756;165.4009614;63.0916;
1061;-21.6094875;165.40096143333;63.0865;
1062;-21.609487433333;165.40096141667;63.083;
1063;-21.60948734;165.4009614;63.0852;
1064;-21.60948725;165.40096138333;63.075833333333;
1065;-21.6094872;165.40096133333;63.070166666667;
1066;-21.6094871;165.40096134;63.0698;
1067;-21.609487166667;165.40096131667;63.040333333333;
1068;-21.6094871;165.4009613;63.033833333333;
1069;-21.6094871;165.4009613;63.0278;
1070;-21.609487066667;165.4009613;63.026833333333;
1071;-21.6094871;165.40096128;63.028;
1072;-21.6094871;165.40096126667;63.030833333333;
1073;-21.609487133333;165.40096121667;63.026833333333;
1074;-21.6094871;165.40096112;63.03;
1075;-21.6094871;165.40096106667;63.033333333333;
1076;-21.6094871;165.40096103333;63.033333333333;
1077;-21.60948714;165.40096094;63.0302;
1078;-21.6094872;165.40096091667;63.026833333333;
1079;-21.6094872;165.40096094;63.0042;
1080;-21.60948715;165.4009609;63.003333333333;
1081;-21.6094871;165.4009609;63.006833333333;
1082;-21.60948722;165.40096082;63.0116;
1083;-21.6094872;165.4009607;63.010666666667;
1084;-21.6094871;165.40096061667;63.023666666667;
1085;-21.6094871;165.4009606;63.018;
1086;-21.609487016667;165.4009606;63.023833333333;
1087;-21.609486983333;165.4009606;63.035666666667;
1088;-21.6094869;165.4009606;63.0468;
1089;-21.609486833333;165.40096068333;63.042333333333;
1090;-21.60948678;165.40096076;63.0416;
1091;-21.609486733333;165.4009608;63.0425;
1092;-21.609486666667;165.40096085;63.030166666667;
1093;-21.6094866;165.40096088;63.009;
1094;-21.609486533333;165.4009609;62.978;
1095;-21.609486516667;165.4009609;62.955833333333;
1096;-21.60948646;165.4009609;62.9324;
1097;-21.609486416667;165.4009609;62.9155;
1098;-21.609486316667;165.40096093333;62.890166666667;
1099;-21.6094862;165.40096096;62.8602;
1100;-21.6094862;165.40096103333;62.825333333333;
1101;-21.60948606;165.4009611;62.7912;
1102;-21.609485983333;165.4009611;62.773833333333;
1103;-21.609485983333;165.4009611;62.736166666667;
1104;-21.60948598;165.4009611;62.7008;
1105;-21.6094859;165.40096118333;62.668;
1106;-21.609485866667;165.40096113333;62.633;
1107;-21.60948578;165.40096116;62.6056;
1108;-21.609485633333;165.40096115;62.5845;
1109;-21.60948548;165.40096114;62.5744;
1110;-21.609485383333;165.40096111667;62.559166666667;
1111;-21.6094853;165.40096106667;62.543833333333;
1112;-21.60948526;165.40096102;62.5286;
1113;-21.609485216667;165.40096103333;62.519833333333;
1114;-21.60948525;165.40096095;62.527833333333;
1115;-21.60948532;165.40096092;62.5134;
1116;-21.609485333333;165.40096086667;62.5205;
1117;-21.6094854;165.40096083333;62.5255;
1118;-21.60948552;165.40096082;62.5428;
1119;-21.609485566667;165.40096075;62.5395;
1120;-21.6094856;165.40096068;62.5438;
1121;-21.6094856;165.40096056667;62.5585;
1122;-21.6094856;165.40096041667;62.5505;
1123;-21.60948556;165.40096038;62.5366;
1124;-21.609485533333;165.4009603;62.495666666667;
1125;-21.609485533333;165.40096026667;62.475166666667;
1126;-21.6094856;165.4009602;62.4358;
1127;-21.609485616667;165.40096016667;62.398;
1128;-21.60948555;165.4009601;62.375;
1129;-21.6094855;165.40096002;62.3552;
1130;-21.6094855;165.40096;62.347;
1131;-21.6094854;165.40095992;62.338;
1132;-21.609485333333;165.40095986667;62.304333333333;
1133;-21.609485233333;165.40095983333;62.265833333333;
1134;-21.60948522;165.4009598;62.2576;
1135;-21.609485233333;165.4009597;62.240833333333;
1136;-21.609485366667;165.4009596;62.221666666667;
1137;-21.60948542;165.40095958;62.2012;
1138;-21.609485516667;165.4009595;62.19;
1139;-21.6094856;165.40095944;62.1866;
1140;-21.6094857;165.40095935;62.1785;
1141;-21.609485816667;165.4009593;62.191333333333;
1142;-21.6094859;165.40095922;62.1832;
