image_id,x_min,y_min,x_max,y_max,class,score,color
GH034218-619227cbdc2f7_991_1352_0,618,427,645,468,Turtle,0.61,"(0, 165, 255)"
GH034218-619227cbdc2f7_991_1352_0,627,425,658,466,Turtle,0.43,"(0, 165, 255)"
GH034218-619227cbdc2f7_854_1352_0,301,386,328,420,Turtle,0.11,"(0, 0, 255)"
GH034218-619227cbdc2f7_1862_0_760,179,438,245,488,Turtle,0.24,"(0, 0, 255)"
GH034218-619227cbdc2f7_855_0_760,318,87,371,123,Turtle,0.53,"(0, 0, 255)"
GH034218-619227cbdc2f7_855_0_760,1271,91,1302,119,Turtle,0.11,"(0, 0, 255)"
GH034218-619227cbdc2f7_1052_1352_0,1295,574,1326,647,Shark,0.39,"(0, 0, 255)"
GH034218-619227cbdc2f7_1837_1352_760,1214,689,1244,740,Shark,0.32,"(0, 0, 255)"
GH034218-619227cbdc2f7_1761_0_0,1085,167,1150,217,Turtle,0.99,"(0, 0, 255)"
GH034218-619227cbdc2f7_1630_1352_0,741,482,768,511,Shark,0.99,"(0, 0, 255)"
GH034218-619227cbdc2f7_1630_1352_0,897,670,929,702,Turtle,0.33,"(0, 0, 255)"
GH034218-619227cbdc2f7_390_0_760,1170,21,1203,64,Turtle,0.99,"(0, 0, 255)"
GH034218-619227cbdc2f7_288_0_0,1275,377,1305,409,Turtle,0.58,"(0, 0, 255)"
GH034218-619227cbdc2f7_445_1352_760,1200,30,1238,73,Turtle,0.34,"(0, 0, 255)"
GH034218-619227cbdc2f7_1111_0_760,880,470,915,504,Turtle,1.0,"(0, 128, 0)"
GH034218-619227cbdc2f7_394_1352_760,806,306,828,349,Shark,0.99,"(0, 0, 255)"
GH034218-619227cbdc2f7_394_1352_760,813,305,836,348,Shark,0.15,"(0, 0, 255)"
GH034218-619227cbdc2f7_973_0_760,342,238,374,266,Turtle,0.11,"(0, 0, 255)"
GH034218-619227cbdc2f7_282_1352_760,542,22,589,81,Turtle,0.9,"(0, 0, 255)"
GH034218-619227cbdc2f7_282_1352_760,149,211,194,304,Shark,0.51,"(0, 0, 255)"
GH034218-619227cbdc2f7_142_1352_760,313,419,355,465,Turtle,0.89,"(0, 0, 255)"
GH034218-619227cbdc2f7_1152_1352_0,221,667,253,700,Turtle,0.96,"(0, 128, 0)"
GH034218-619227cbdc2f7_1152_1352_0,366,583,396,614,Turtle,0.21,"(0, 0, 255)"
GH034218-619227cbdc2f7_1152_1352_0,483,343,514,377,Turtle,0.12,"(0, 0, 255)"
GH034218-619227cbdc2f7_284_1352_0,159,282,196,326,Turtle,0.96,"(0, 0, 255)"
GH034218-619227cbdc2f7_284_1352_0,11,716,43,749,Turtle,0.3,"(0, 0, 255)"
GH034218-619227cbdc2f7_284_1352_0,493,269,524,303,Turtle,0.12,"(0, 0, 255)"
GH034218-619227cbdc2f7_218_1352_760,658,674,685,704,Turtle,0.11,"(0, 0, 255)"
GH034218-619227cbdc2f7_1246_0_0,1315,258,1335,284,Turtle,0.26,"(0, 0, 255)"
GH034218-619227cbdc2f7_392_0_760,1302,264,1333,296,Turtle,0.73,"(0, 0, 255)"
GH034218-619227cbdc2f7_1266_0_0,854,699,898,743,Shark,0.2,"(0, 0, 255)"
GH034218-619227cbdc2f7_272_1352_0,676,342,710,377,Turtle,0.43,"(0, 0, 255)"
GH034218-619227cbdc2f7_1766_1352_0,26,345,65,385,Turtle,0.49,"(0, 0, 255)"
GH034218-619227cbdc2f7_982_1352_760,94,391,135,432,Turtle,1.0,"(0, 128, 0)"
GH034218-619227cbdc2f7_982_1352_760,989,475,1022,514,Turtle,0.14,"(0, 0, 255)"
GH034218-619227cbdc2f7_1110_0_760,981,168,1011,196,Turtle,0.13,"(0, 128, 0)"
GH034218-619227cbdc2f7_841_1352_760,572,87,609,130,Turtle,0.25,"(0, 0, 255)"
GH034218-619227cbdc2f7_289_1352_760,50,114,130,191,Turtle,0.77,"(0, 0, 255)"
GH034218-619227cbdc2f7_863_0_760,995,93,1042,147,Shark,0.31,"(0, 0, 255)"
GH034218-619227cbdc2f7_1103_0_0,374,441,419,480,Turtle,0.41,"(0, 128, 0)"
GH034218-619227cbdc2f7_1611_0_760,591,261,631,328,Dugong_certain,0.2,"(0, 0, 255)"
GH034218-619227cbdc2f7_1611_0_760,591,261,631,328,Turtle,0.11,"(0, 0, 255)"
GH034218-619227cbdc2f7_1611_0_760,591,260,632,328,Shark,0.11,"(0, 0, 255)"
GH034218-619227cbdc2f7_1243_0_760,984,229,1034,287,Shark,0.84,"(0, 0, 255)"
GH034218-619227cbdc2f7_1191_1352_760,485,47,515,109,Shark,0.82,"(0, 0, 255)"
GH034218-619227cbdc2f7_439_1352_0,438,42,478,73,Turtle,0.16,"(0, 0, 255)"
GH034218-619227cbdc2f7_399_1352_760,353,606,381,664,Shark,0.33,"(0, 0, 255)"
GH034218-619227cbdc2f7_399_1352_760,360,605,389,666,Shark,0.31,"(0, 0, 255)"
GH034218-619227cbdc2f7_287_1352_760,363,117,394,152,Turtle,0.72,"(0, 0, 255)"
GH034218-619227cbdc2f7_287_1352_760,106,178,145,225,Turtle,0.16,"(0, 0, 255)"
GH034218-619227cbdc2f7_1286_1352_0,862,253,902,303,Turtle,0.13,"(0, 0, 255)"
GH034218-619227cbdc2f7_850_1352_760,115,44,149,82,Turtle,0.1,"(0, 0, 255)"
GH034218-619227cbdc2f7_1176_1352_0,451,488,480,527,Turtle,0.12,"(0, 0, 255)"
GH034218-619227cbdc2f7_980_0_760,687,13,731,54,Shark,0.8,"(0, 165, 255)"
GH034218-619227cbdc2f7_832_1352_0,858,600,892,636,Turtle,0.62,"(0, 0, 255)"
GH034218-619227cbdc2f7_1835_1352_760,555,102,588,137,Turtle,0.18,"(0, 0, 255)"
GH034218-619227cbdc2f7_809_1352_760,270,202,310,248,Turtle,0.39,"(0, 0, 255)"
GH034218-619227cbdc2f7_1829_1352_760,154,496,186,532,Turtle,0.99,"(0, 0, 255)"
GH034218-619227cbdc2f7_1427_0_0,1312,264,1328,305,Shark,0.21,"(0, 0, 255)"
GH034218-619227cbdc2f7_286_1352_0,517,191,557,233,Turtle,1.0,"(0, 0, 255)"
GH034218-619227cbdc2f7_286_1352_0,904,224,946,275,Turtle,0.98,"(0, 0, 255)"
GH034218-619227cbdc2f7_286_1352_0,577,121,612,154,Turtle,0.93,"(0, 0, 255)"
GH034218-619227cbdc2f7_1224_1352_0,141,585,182,628,Turtle,0.8,"(0, 0, 255)"
GH034218-619227cbdc2f7_1224_1352_0,1174,160,1211,199,Turtle,0.37,"(0, 0, 255)"
GH034218-619227cbdc2f7_1765_1352_760,814,610,848,645,Turtle,1.0,"(0, 0, 255)"
GH034218-619227cbdc2f7_1765_1352_760,984,668,1047,733,Turtle,0.7,"(0, 0, 255)"
GH034218-619227cbdc2f7_1765_1352_760,90,162,127,199,Turtle,0.48,"(0, 0, 255)"
GH034218-619227cbdc2f7_957_0_0,830,568,873,600,Shark,0.3,"(0, 0, 255)"
GH034218-619227cbdc2f7_1245_0_760,887,38,927,81,Turtle,0.1,"(0, 0, 255)"
GH034218-619227cbdc2f7_1608_1352_0,380,705,411,739,Shark,0.46,"(0, 0, 255)"
GH034218-619227cbdc2f7_258_1352_760,653,610,717,650,Turtle,0.48,"(0, 0, 255)"
GH034218-619227cbdc2f7_1258_0_0,940,456,978,502,Turtle,0.82,"(0, 0, 255)"
GH034218-619227cbdc2f7_1168_0_0,1256,204,1272,230,Shark,0.72,"(0, 0, 255)"
GH034218-619227cbdc2f7_1236_1352_760,91,71,139,142,Shark,0.15,"(0, 0, 255)"
GH034218-619227cbdc2f7_246_1352_0,1064,405,1112,465,Turtle,0.93,"(0, 0, 255)"
GH034218-619227cbdc2f7_246_1352_0,952,630,1005,686,Turtle,0.14,"(0, 0, 255)"
GH034218-619227cbdc2f7_1777_1352_0,522,622,552,666,Shark,0.98,"(0, 0, 255)"
GH034218-619227cbdc2f7_1274_0_0,1246,534,1274,564,Turtle,0.82,"(0, 0, 255)"
GH034218-619227cbdc2f7_1231_1352_0,192,695,237,740,Turtle,0.47,"(0, 0, 255)"
GH034218-619227cbdc2f7_1231_1352_0,38,79,70,105,Dugong_certain,0.16,"(0, 0, 255)"
GH034218-619227cbdc2f7_1175_1352_0,473,318,502,356,Turtle,0.35,"(0, 0, 255)"
GH034218-619227cbdc2f7_1244_0_760,377,280,457,343,Turtle,0.89,"(0, 0, 255)"
GH034218-619227cbdc2f7_397_0_760,532,174,569,218,Turtle,0.99,"(0, 0, 255)"
GH034218-619227cbdc2f7_364_0_0,553,692,588,737,Turtle,0.39,"(0, 128, 0)"
GH034218-619227cbdc2f7_836_1352_0,247,257,281,293,Turtle,0.25,"(0, 0, 255)"
GH034218-619227cbdc2f7_836_1352_0,404,202,442,233,Turtle,0.11,"(0, 0, 255)"
GH034218-619227cbdc2f7_1767_0_0,1319,526,1352,567,Turtle,0.67,"(0, 0, 255)"
GH034218-619227cbdc2f7_1767_0_0,1329,117,1352,161,Turtle,0.34,"(0, 0, 255)"
GH034218-619227cbdc2f7_830_1352_0,271,481,325,527,Turtle,0.1,"(0, 0, 255)"
GH034218-619227cbdc2f7_983_1352_0,1297,350,1339,391,Turtle,0.61,"(0, 0, 255)"
GH034218-619227cbdc2f7_983_1352_0,1297,350,1338,391,Dugong_certain,0.32,"(0, 0, 255)"
GH034218-619227cbdc2f7_291_0_760,1133,509,1183,555,Turtle,0.75,"(0, 0, 255)"
GH034218-619227cbdc2f7_291_0_760,1296,0,1326,26,Turtle,0.47,"(0, 0, 255)"
GH034218-619227cbdc2f7_1713_1352_0,616,612,655,654,Turtle,0.16,"(0, 0, 255)"
GH034218-619227cbdc2f7_292_1352_0,7,330,37,358,Turtle,0.99,"(0, 0, 255)"
GH034218-619227cbdc2f7_2051_0_0,984,652,1014,702,Shark,0.92,"(0, 0, 255)"
GH034218-619227cbdc2f7_310_1352_0,960,382,991,448,Shark,0.25,"(0, 0, 255)"
GH034218-619227cbdc2f7_369_1352_0,633,672,679,706,Turtle,0.16,"(0, 0, 255)"
GH034218-619227cbdc2f7_1433_1352_0,157,533,193,557,Turtle,0.5,"(0, 0, 255)"
GH034218-619227cbdc2f7_497_1352_0,736,368,777,412,Turtle,0.31,"(0, 0, 255)"
GH034218-619227cbdc2f7_1218_1352_0,1117,54,1151,97,Shark,0.81,"(0, 0, 255)"
GH034218-619227cbdc2f7_843_1352_0,682,290,711,321,Turtle,0.46,"(0, 0, 255)"
GH034218-619227cbdc2f7_843_1352_0,493,573,523,604,Turtle,0.11,"(0, 0, 255)"
GH034218-619227cbdc2f7_373_0_0,979,304,1043,356,Turtle,0.27,"(0, 0, 255)"
GH034218-619227cbdc2f7_1853_0_760,1303,250,1341,281,Turtle,0.99,"(0, 0, 255)"
GH034218-619227cbdc2f7_1853_0_760,1225,166,1255,197,Turtle,0.11,"(0, 0, 255)"
GH034218-619227cbdc2f7_534_1352_0,69,252,97,284,Turtle,0.11,"(0, 0, 255)"
GH034218-619227cbdc2f7_1254_1352_0,133,392,168,425,Turtle,1.0,"(0, 0, 255)"
GH034218-619227cbdc2f7_1254_1352_0,182,695,217,730,Turtle,0.79,"(0, 0, 255)"
GH034218-619227cbdc2f7_1768_0_760,927,201,1006,286,Turtle,0.1,"(0, 0, 255)"
GH034218-619227cbdc2f7_824_1352_0,101,247,134,277,Turtle,0.22,"(0, 0, 255)"
GH034218-619227cbdc2f7_824_1352_0,569,677,605,710,Turtle,0.16,"(0, 0, 255)"
GH034218-619227cbdc2f7_788_0_0,1231,396,1257,428,Turtle,0.98,"(0, 0, 255)"
GH034218-619227cbdc2f7_298_0_760,128,294,217,377,Shark,0.32,"(0, 0, 255)"
GH034218-619227cbdc2f7_806_1352_0,314,80,366,123,Turtle,0.98,"(0, 0, 255)"
GH034218-619227cbdc2f7_806_1352_0,314,81,364,124,Dugong_certain,0.12,"(0, 0, 255)"
GH034218-619227cbdc2f7_307_0_760,253,478,334,567,Turtle,0.19,"(0, 0, 255)"
GH034218-619227cbdc2f7_1886_0_760,1319,232,1345,273,Turtle,0.7,"(0, 0, 255)"
GH034218-619227cbdc2f7_328_1352_760,63,72,103,121,Turtle,0.91,"(0, 0, 255)"
GH034218-619227cbdc2f7_1268_0_0,995,228,1041,258,Shark,0.35,"(0, 0, 255)"
GH034218-619227cbdc2f7_1724_0_0,1008,476,1042,510,Turtle,1.0,"(0, 0, 255)"
GH034218-619227cbdc2f7_1724_0_0,1000,476,1034,509,Turtle,0.25,"(0, 0, 255)"
GH034218-619227cbdc2f7_1769_0_760,1313,405,1341,438,Turtle,0.36,"(0, 0, 255)"
GH034218-619227cbdc2f7_949_0_760,221,584,257,603,Shark,0.43,"(0, 0, 255)"
GH034218-619227cbdc2f7_393_0_0,1301,229,1328,264,Turtle,0.81,"(0, 0, 255)"
GH034218-619227cbdc2f7_450_1352_0,105,645,146,698,Turtle,0.44,"(0, 0, 255)"
GH034218-619227cbdc2f7_973_0_0,1082,639,1116,665,Shark,0.14,"(0, 0, 255)"
GH034218-619227cbdc2f7_398_1352_760,378,395,400,448,Shark,0.71,"(0, 0, 255)"
GH034218-619227cbdc2f7_398_1352_760,487,639,507,675,Turtle,0.36,"(0, 0, 255)"
GH034218-619227cbdc2f7_398_1352_760,488,639,508,675,Shark,0.26,"(0, 0, 255)"
GH034218-619227cbdc2f7_398_1352_760,488,639,508,675,Dugong_certain,0.15,"(0, 0, 255)"
GH034218-619227cbdc2f7_398_1352_760,369,395,391,451,Shark,0.1,"(0, 0, 255)"
GH034218-619227cbdc2f7_1821_0_760,1312,467,1335,503,Shark,0.77,"(0, 0, 255)"
GH034218-619227cbdc2f7_1821_0_760,1129,390,1168,440,Turtle,0.14,"(0, 0, 255)"
GH034218-619227cbdc2f7_930_0_760,917,401,956,439,Turtle,0.97,"(0, 165, 255)"
GH034218-619227cbdc2f7_256_1352_760,725,629,765,668,Turtle,0.72,"(0, 0, 255)"
GH034218-619227cbdc2f7_256_1352_760,1138,602,1173,639,Turtle,0.28,"(0, 0, 255)"
GH034218-619227cbdc2f7_256_1352_760,233,606,277,646,Turtle,0.12,"(0, 0, 255)"
GH034218-619227cbdc2f7_380_1352_760,122,398,162,446,Shark,0.99,"(0, 165, 255)"
GH034218-619227cbdc2f7_380_1352_760,71,168,126,226,Turtle,0.33,"(0, 165, 255)"
GH034218-619227cbdc2f7_879_0_760,188,40,224,104,Shark,0.57,"(0, 0, 255)"
GH034218-619227cbdc2f7_1884_1352_0,135,143,177,207,Shark,0.44,"(0, 0, 255)"
GH034218-619227cbdc2f7_287_1352_0,555,282,592,320,Turtle,0.82,"(0, 0, 255)"
GH034218-619227cbdc2f7_287_1352_0,878,382,919,432,Turtle,0.23,"(0, 0, 255)"
GH034218-619227cbdc2f7_287_1352_0,12,708,50,745,Turtle,0.13,"(0, 0, 255)"
GH034218-619227cbdc2f7_366_0_760,229,528,271,596,Shark,0.22,"(0, 165, 255)"
GH034218-619227cbdc2f7_861_0_760,62,681,84,706,Shark,0.76,"(0, 0, 255)"
GH034218-619227cbdc2f7_861_0_760,1310,42,1340,69,Turtle,0.48,"(0, 0, 255)"
GH034218-619227cbdc2f7_1810_0_760,1317,14,1337,55,Shark,0.42,"(0, 0, 255)"
GH034218-619227cbdc2f7_267_1352_0,583,81,615,107,Turtle,0.61,"(0, 0, 255)"
GH034218-619227cbdc2f7_267_1352_0,102,398,143,436,Turtle,0.15,"(0, 0, 255)"
GH034218-619227cbdc2f7_267_1352_0,437,305,474,334,Turtle,0.14,"(0, 0, 255)"
GH034218-619227cbdc2f7_1151_0_760,1214,127,1248,170,Turtle,1.0,"(0, 128, 0)"
GH034218-619227cbdc2f7_138_1352_0,658,590,694,626,Turtle,0.2,"(0, 0, 255)"
GH034218-619227cbdc2f7_138_1352_0,1312,277,1344,311,Turtle,0.12,"(0, 0, 255)"
GH034218-619227cbdc2f7_401_0_760,1073,425,1100,460,Turtle,0.14,"(0, 0, 255)"
GH034218-619227cbdc2f7_528_1352_760,1316,159,1342,195,Turtle,0.13,"(0, 0, 255)"
GH034218-619227cbdc2f7_1256_0_0,1218,674,1254,715,Turtle,0.96,"(0, 0, 255)"
GH034218-619227cbdc2f7_1256_0_0,1117,122,1140,162,Shark,0.87,"(0, 0, 255)"
GH034218-619227cbdc2f7_1256_0_0,1109,121,1132,161,Shark,0.27,"(0, 0, 255)"
GH034218-619227cbdc2f7_829_1352_760,327,320,368,362,Turtle,0.12,"(0, 0, 255)"
GH034218-619227cbdc2f7_1247_1352_760,1111,412,1165,462,Turtle,1.0,"(0, 0, 255)"
GH034218-619227cbdc2f7_953_0_0,267,238,316,270,Shark,0.74,"(0, 0, 255)"
GH034218-619227cbdc2f7_988_1352_760,1207,31,1238,81,Dugong_certain,0.65,"(0, 0, 255)"
GH034218-619227cbdc2f7_291_0_0,650,477,713,530,Shark,0.69,"(0, 0, 255)"
GH034218-619227cbdc2f7_291_0_0,650,480,714,530,Turtle,0.49,"(0, 0, 255)"
GH034218-619227cbdc2f7_1621_0_0,1188,346,1205,383,Shark,0.18,"(0, 0, 255)"
GH034218-619227cbdc2f7_1780_0_760,233,529,296,597,Shark,0.74,"(0, 0, 255)"
GH034218-619227cbdc2f7_1610_0_760,688,12,723,47,Turtle,0.22,"(0, 0, 255)"
GH034218-619227cbdc2f7_1610_0_760,681,11,715,44,Turtle,0.14,"(0, 0, 255)"
GH034218-619227cbdc2f7_1423_1352_0,186,52,225,110,Shark,0.86,"(0, 0, 255)"
GH034218-619227cbdc2f7_1725_0_0,942,695,981,733,Turtle,0.89,"(0, 0, 255)"
GH034218-619227cbdc2f7_443_1352_0,500,100,545,146,Turtle,0.13,"(0, 0, 255)"
GH034218-619227cbdc2f7_1622_0_0,981,73,1023,105,Shark,0.49,"(0, 0, 255)"
GH034218-619227cbdc2f7_1095_1352_0,5,181,28,212,Shark,0.19,"(0, 0, 255)"
GH034218-619227cbdc2f7_835_1352_760,385,256,430,302,Turtle,0.92,"(0, 0, 255)"
GH034218-619227cbdc2f7_1251_1352_0,571,12,612,49,Turtle,0.1,"(0, 0, 255)"
GH034218-619227cbdc2f7_262_0_0,1245,240,1279,270,Turtle,0.96,"(0, 0, 255)"
GH034218-619227cbdc2f7_262_0_0,737,559,772,582,Turtle,0.33,"(0, 0, 255)"
GH034218-619227cbdc2f7_884_0_760,346,306,400,341,Shark,0.76,"(0, 0, 255)"
GH034218-619227cbdc2f7_1179_1352_760,379,273,419,327,Turtle,0.25,"(0, 0, 255)"
GH034218-619227cbdc2f7_842_1352_0,657,171,688,197,Turtle,0.29,"(0, 0, 255)"
GH034218-619227cbdc2f7_842_1352_0,18,161,42,192,Turtle,0.18,"(0, 0, 255)"
GH034218-619227cbdc2f7_1165_0_0,822,266,862,297,Turtle,0.99,"(0, 128, 0)"
GH034218-619227cbdc2f7_1771_0_760,1038,305,1104,364,Shark,0.42,"(0, 0, 255)"
GH034218-619227cbdc2f7_403_0_760,931,390,972,443,Turtle,0.76,"(0, 0, 255)"
GH034218-619227cbdc2f7_1941_0_760,146,596,201,629,Shark,0.89,"(0, 0, 255)"
GH034218-619227cbdc2f7_1091_1352_760,1073,44,1097,86,Shark,0.15,"(0, 0, 255)"
GH034218-619227cbdc2f7_2052_1352_0,419,578,448,611,Shark,0.27,"(0, 0, 255)"
GH034218-619227cbdc2f7_2052_1352_0,426,577,454,610,Shark,0.22,"(0, 0, 255)"
GH034218-619227cbdc2f7_1252_0_760,1003,293,1035,327,Turtle,0.75,"(0, 0, 255)"
GH034218-619227cbdc2f7_283_1352_0,670,248,717,289,Turtle,1.0,"(0, 0, 255)"
GH034218-619227cbdc2f7_283_1352_0,598,697,631,734,Turtle,0.76,"(0, 0, 255)"
GH034218-619227cbdc2f7_283_1352_0,191,105,230,144,Turtle,0.67,"(0, 0, 255)"
GH034218-619227cbdc2f7_283_1352_0,263,444,305,489,Turtle,0.18,"(0, 0, 255)"
GH034218-619227cbdc2f7_283_1352_0,228,564,273,603,Turtle,0.13,"(0, 0, 255)"
GH034218-619227cbdc2f7_1809_1352_0,400,265,478,375,Shark,0.18,"(0, 0, 255)"
GH034218-619227cbdc2f7_1806_1352_760,113,291,154,312,Dugong_certain,0.57,"(0, 0, 255)"
GH034218-619227cbdc2f7_1595_0_0,1022,313,1085,349,Shark,0.22,"(0, 0, 255)"
GH034218-619227cbdc2f7_1028_1352_760,368,375,410,463,Shark,0.98,"(0, 0, 255)"
GH034218-619227cbdc2f7_1767_1352_760,942,658,974,693,Turtle,0.21,"(0, 0, 255)"
GH034218-619227cbdc2f7_1105_0_760,136,244,199,289,Turtle,1.0,"(0, 128, 0)"
GH034218-619227cbdc2f7_404_1352_0,654,451,671,482,Shark,0.52,"(0, 0, 255)"
GH034218-619227cbdc2f7_729_1352_760,479,648,521,724,Shark,0.97,"(0, 0, 255)"
GH034218-619227cbdc2f7_814_1352_0,953,79,993,122,Turtle,0.19,"(0, 0, 255)"
GH034218-619227cbdc2f7_284_1352_760,887,686,921,723,Turtle,0.2,"(0, 0, 255)"
GH034218-619227cbdc2f7_966_1352_0,959,291,1004,364,Shark,0.11,"(0, 0, 255)"
GH034218-619227cbdc2f7_1759_1352_0,626,161,673,208,Turtle,1.0,"(0, 0, 255)"
GH034218-619227cbdc2f7_1759_1352_0,893,321,940,362,Turtle,1.0,"(0, 0, 255)"
GH034218-619227cbdc2f7_1759_1352_0,5,21,42,58,Turtle,0.88,"(0, 0, 255)"
GH034218-619227cbdc2f7_1759_1352_0,441,79,480,109,Turtle,0.67,"(0, 0, 255)"
GH034218-619227cbdc2f7_1759_1352_0,1114,195,1150,246,Turtle,0.18,"(0, 0, 255)"
GH034218-619227cbdc2f7_1232_0_0,566,120,628,150,Shark,0.99,"(0, 0, 255)"
GH034218-619227cbdc2f7_1232_0_0,470,599,536,640,Shark,0.9,"(0, 0, 255)"
GH034218-619227cbdc2f7_1232_0_0,471,600,538,639,Turtle,0.21,"(0, 0, 255)"
GH034218-619227cbdc2f7_620_1352_0,1048,707,1089,741,Turtle,0.98,"(0, 0, 255)"
GH034218-619227cbdc2f7_1153_1352_760,169,196,206,241,Shark,0.47,"(0, 165, 255)"
GH034218-619227cbdc2f7_1153_1352_760,169,196,206,240,Turtle,0.37,"(0, 128, 0)"
GH034218-619227cbdc2f7_1243_1352_0,444,342,495,374,Turtle,0.32,"(0, 0, 255)"
GH034218-619227cbdc2f7_821_1352_0,718,44,752,86,Turtle,0.31,"(0, 0, 255)"
GH034218-619227cbdc2f7_807_1352_0,319,242,374,287,Turtle,1.0,"(0, 0, 255)"
GH034218-619227cbdc2f7_807_1352_0,134,684,157,719,Turtle,0.29,"(0, 0, 255)"
GH034218-619227cbdc2f7_807_1352_0,1152,718,1191,760,Turtle,0.2,"(0, 0, 255)"
GH034218-619227cbdc2f7_807_1352_0,288,505,323,542,Turtle,0.15,"(0, 0, 255)"
GH034218-619227cbdc2f7_2052_0_760,1190,598,1227,641,Turtle,0.45,"(0, 0, 255)"
GH034218-619227cbdc2f7_2052_0_760,1181,115,1225,174,Shark,0.14,"(0, 0, 255)"
GH034218-619227cbdc2f7_381_1352_760,77,661,112,701,Turtle,1.0,"(0, 165, 255)"
GH034218-619227cbdc2f7_365_0_760,408,203,452,252,Shark,0.99,"(0, 165, 255)"
GH034218-619227cbdc2f7_114_0_0,926,647,950,680,Shark,0.22,"(0, 0, 255)"
GH034218-619227cbdc2f7_1822_0_760,1191,75,1215,95,Shark,0.95,"(0, 0, 255)"
GH034218-619227cbdc2f7_1871_1352_0,496,119,534,172,Dugong_certain,0.79,"(0, 0, 255)"
GH034218-619227cbdc2f7_1871_1352_0,496,119,534,172,Shark,0.24,"(0, 0, 255)"
GH034218-619227cbdc2f7_1820_1352_0,305,49,324,68,Shark,0.53,"(0, 0, 255)"
GH034218-619227cbdc2f7_827_1352_0,338,60,381,94,Turtle,0.99,"(0, 0, 255)"
GH034218-619227cbdc2f7_1313_1352_0,182,7,226,44,Turtle,0.17,"(0, 0, 255)"
GH034218-619227cbdc2f7_290_1352_760,362,234,418,300,Turtle,1.0,"(0, 0, 255)"
GH034218-619227cbdc2f7_290_1352_760,448,112,492,159,Turtle,1.0,"(0, 0, 255)"
GH034218-619227cbdc2f7_988_1352_0,911,214,941,251,Dugong_certain,0.78,"(0, 0, 255)"
GH034218-619227cbdc2f7_1012_0_0,134,85,188,129,Shark,0.64,"(0, 165, 255)"
GH034218-619227cbdc2f7_1012_0_0,133,85,188,129,Turtle,0.38,"(0, 128, 0)"
GH034218-619227cbdc2f7_390_1352_0,319,9,355,61,Shark,0.99,"(0, 0, 255)"
GH034218-619227cbdc2f7_390_1352_0,218,615,248,655,Turtle,0.36,"(0, 0, 255)"
GH034218-619227cbdc2f7_1221_1352_0,1155,400,1193,447,Shark,0.36,"(0, 0, 255)"
GH034218-619227cbdc2f7_1221_1352_0,1048,544,1086,592,Turtle,0.31,"(0, 0, 255)"
GH034218-619227cbdc2f7_327_1352_0,74,606,108,647,Turtle,0.81,"(0, 0, 255)"
GH034218-619227cbdc2f7_285_1352_760,169,146,209,189,Turtle,0.21,"(0, 0, 255)"
GH034218-619227cbdc2f7_285_1352_760,705,56,743,102,Turtle,0.18,"(0, 0, 255)"
GH034218-619227cbdc2f7_2073_1352_0,571,399,607,424,Turtle,0.97,"(0, 0, 255)"
GH034218-619227cbdc2f7_2073_1352_0,191,152,218,180,Turtle,0.88,"(0, 0, 255)"
GH034218-619227cbdc2f7_2073_1352_0,190,151,218,181,Shark,0.13,"(0, 0, 255)"
GH034218-619227cbdc2f7_317_0_0,134,290,192,340,Turtle,0.99,"(0, 128, 0)"
GH034218-619227cbdc2f7_268_1352_0,3,325,29,357,Turtle,0.55,"(0, 0, 255)"
GH034218-619227cbdc2f7_268_1352_0,334,155,370,179,Turtle,0.31,"(0, 0, 255)"
GH034218-619227cbdc2f7_268_1352_0,884,614,926,656,Turtle,0.24,"(0, 0, 255)"
GH034218-619227cbdc2f7_268_1352_0,531,655,582,690,Turtle,0.19,"(0, 0, 255)"
GH034218-619227cbdc2f7_447_1352_0,184,121,220,164,Turtle,0.46,"(0, 0, 255)"
GH034218-619227cbdc2f7_1312_1352_0,271,394,304,417,Shark,0.49,"(0, 0, 255)"
GH034218-619227cbdc2f7_786_0_0,1311,58,1339,88,Turtle,0.51,"(0, 0, 255)"
GH034218-619227cbdc2f7_968_1352_0,1061,534,1105,621,Shark,0.99,"(0, 0, 255)"
GH034218-619227cbdc2f7_1153_1352_0,491,502,523,535,Turtle,1.0,"(0, 0, 255)"
GH034218-619227cbdc2f7_383_1352_0,271,638,305,676,Turtle,0.23,"(0, 0, 255)"
GH034218-619227cbdc2f7_1766_1352_760,728,691,763,731,Turtle,0.47,"(0, 0, 255)"
GH034218-619227cbdc2f7_1766_1352_760,355,672,398,720,Turtle,0.16,"(0, 0, 255)"
GH034218-619227cbdc2f7_1766_1352_760,30,500,72,547,Turtle,0.1,"(0, 0, 255)"
GH034218-619227cbdc2f7_266_1352_760,944,695,987,738,Turtle,0.6,"(0, 0, 255)"
GH034218-619227cbdc2f7_266_1352_760,426,111,464,154,Turtle,0.42,"(0, 0, 255)"
GH034218-619227cbdc2f7_1455_0_760,1228,442,1263,553,Shark,0.36,"(0, 0, 255)"
GH034218-619227cbdc2f7_272_0_0,778,243,814,277,Turtle,0.13,"(0, 0, 255)"
GH034218-619227cbdc2f7_2043_1352_0,873,54,908,86,Turtle,0.26,"(0, 0, 255)"
GH034218-619227cbdc2f7_317_1352_760,1,52,45,103,Turtle,0.37,"(0, 0, 255)"
GH034218-619227cbdc2f7_113_1352_760,831,218,877,268,Turtle,0.19,"(0, 0, 255)"
GH034218-619227cbdc2f7_265_1352_760,657,137,695,180,Turtle,1.0,"(0, 0, 255)"
GH034218-619227cbdc2f7_120_0_0,1131,671,1160,710,Shark,0.68,"(0, 0, 255)"
GH034218-619227cbdc2f7_411_1352_760,243,451,284,528,Shark,0.2,"(0, 0, 255)"
GH034218-619227cbdc2f7_1878_1352_760,977,288,995,321,Shark,0.42,"(0, 0, 255)"
GH034218-619227cbdc2f7_1878_1352_760,794,43,820,98,Shark,0.31,"(0, 0, 255)"
GH034218-619227cbdc2f7_1878_1352_760,973,287,990,321,Shark,0.17,"(0, 0, 255)"
GH034218-619227cbdc2f7_323_1352_0,1255,649,1288,733,Shark,0.25,"(0, 0, 255)"
GH034218-619227cbdc2f7_1230_1352_0,114,76,155,120,Turtle,0.51,"(0, 0, 255)"
GH034218-619227cbdc2f7_1230_1352_0,115,76,155,121,Shark,0.3,"(0, 0, 255)"
GH034218-619227cbdc2f7_1230_1352_0,833,455,902,516,Dugong_certain,0.28,"(0, 0, 255)"
GH034218-619227cbdc2f7_1230_1352_0,833,454,905,517,Turtle,0.24,"(0, 0, 255)"
GH034218-619227cbdc2f7_387_0_0,1250,262,1278,300,Turtle,0.99,"(0, 0, 255)"
GH034218-619227cbdc2f7_602_1352_0,280,649,315,700,Shark,0.55,"(0, 0, 255)"
GH034218-619227cbdc2f7_1787_0_760,765,522,796,553,Turtle,0.15,"(0, 0, 255)"
GH034218-619227cbdc2f7_1787_0_760,754,521,789,554,Turtle,0.11,"(0, 0, 255)"
GH034218-619227cbdc2f7_1902_1352_760,524,38,545,76,Shark,0.19,"(0, 0, 255)"
GH034218-619227cbdc2f7_537_1352_0,1164,117,1231,182,Shark,0.47,"(0, 0, 255)"
GH034218-619227cbdc2f7_1175_1352_760,618,398,647,435,Turtle,0.34,"(0, 0, 255)"
GH034218-619227cbdc2f7_413_0_760,89,175,195,275,Dugong_certain,0.79,"(0, 0, 255)"
GH034218-619227cbdc2f7_864_0_0,1150,229,1185,253,Turtle,0.24,"(0, 0, 255)"
GH034218-619227cbdc2f7_864_0_0,1150,229,1185,253,Shark,0.1,"(0, 0, 255)"
GH034218-619227cbdc2f7_1329_1352_0,1036,342,1135,445,Dugong_certain,0.38,"(0, 0, 255)"
GH034218-619227cbdc2f7_255_1352_0,107,43,142,74,Turtle,0.97,"(0, 0, 255)"
GH034218-619227cbdc2f7_255_1352_0,701,229,738,268,Turtle,0.6,"(0, 0, 255)"
GH034218-619227cbdc2f7_255_1352_0,705,358,742,393,Turtle,0.58,"(0, 0, 255)"
GH034218-619227cbdc2f7_1647_0_0,1231,303,1264,337,Turtle,0.22,"(0, 0, 255)"
GH034218-619227cbdc2f7_1241_1352_760,832,342,866,384,Turtle,0.14,"(0, 0, 255)"
GH034218-619227cbdc2f7_985_1352_0,769,67,836,149,Dugong_certain,0.28,"(0, 0, 255)"
GH034218-619227cbdc2f7_1241_0_0,897,98,967,163,Turtle,0.97,"(0, 0, 255)"
GH034218-619227cbdc2f7_367_1352_760,21,199,51,222,Turtle,0.11,"(0, 0, 255)"
GH034218-619227cbdc2f7_1222_1352_0,1204,525,1238,567,Dugong_certain,0.27,"(0, 0, 255)"
GH034218-619227cbdc2f7_1222_1352_0,953,24,989,56,Turtle,0.22,"(0, 0, 255)"
GH034218-619227cbdc2f7_1222_1352_0,1204,524,1238,568,Shark,0.18,"(0, 0, 255)"
GH034218-619227cbdc2f7_1158_0_760,1090,120,1127,151,Turtle,0.98,"(0, 128, 0)"
GH034218-619227cbdc2f7_980_1352_0,180,705,215,745,Turtle,0.98,"(0, 128, 0)"
GH034218-619227cbdc2f7_812_1352_760,268,624,347,695,Turtle,1.0,"(0, 0, 255)"
GH034218-619227cbdc2f7_1592_0_0,1231,375,1265,408,Turtle,0.82,"(0, 0, 255)"
GH034218-619227cbdc2f7_1274_1352_760,146,519,186,557,Shark,0.3,"(0, 0, 255)"
GH034218-619227cbdc2f7_1777_0_0,222,617,287,660,Shark,0.15,"(0, 0, 255)"
GH034218-619227cbdc2f7_1855_1352_760,662,201,691,237,Turtle,0.43,"(0, 0, 255)"
GH034218-619227cbdc2f7_1855_1352_760,662,201,691,237,Dugong_certain,0.34,"(0, 0, 255)"
GH034218-619227cbdc2f7_1015_1352_760,166,696,187,725,Turtle,0.11,"(0, 0, 255)"
GH034218-619227cbdc2f7_2047_1352_0,688,196,728,264,Shark,0.69,"(0, 0, 255)"
GH034218-619227cbdc2f7_992_1352_0,590,568,625,611,Turtle,0.13,"(0, 0, 255)"
GH034218-619227cbdc2f7_996_1352_0,195,695,210,720,Dugong_certain,0.2,"(0, 0, 255)"
GH034218-619227cbdc2f7_1235_1352_0,1169,145,1216,185,Turtle,0.34,"(0, 0, 255)"
GH034218-619227cbdc2f7_1235_1352_0,347,157,384,194,Turtle,0.1,"(0, 0, 255)"
GH034218-619227cbdc2f7_317_1352_0,40,580,90,637,Turtle,0.15,"(0, 0, 255)"
GH034218-619227cbdc2f7_404_0_760,854,675,900,725,Turtle,0.24,"(0, 0, 255)"
GH034218-619227cbdc2f7_392_1352_760,765,21,788,56,Shark,0.68,"(0, 0, 255)"
GH034218-619227cbdc2f7_392_1352_760,194,188,220,228,Turtle,0.13,"(0, 0, 255)"
GH034218-619227cbdc2f7_1226_1352_0,790,9,847,57,Dugong_certain,0.99,"(0, 0, 255)"
GH034218-619227cbdc2f7_273_1352_760,727,16,767,57,Turtle,1.0,"(0, 0, 255)"
GH034218-619227cbdc2f7_1262_0_760,96,553,130,586,Turtle,0.18,"(0, 0, 255)"
GH034218-619227cbdc2f7_1852_0_0,1126,652,1152,675,Turtle,0.41,"(0, 0, 255)"
GH034218-619227cbdc2f7_1784_1352_0,174,540,214,581,Turtle,0.99,"(0, 0, 255)"
GH034218-619227cbdc2f7_259_1352_0,823,56,862,97,Turtle,0.98,"(0, 0, 255)"
GH034218-619227cbdc2f7_259_1352_0,590,183,645,233,Turtle,0.72,"(0, 0, 255)"
GH034218-619227cbdc2f7_259_1352_0,574,63,605,86,Turtle,0.35,"(0, 0, 255)"
GH034218-619227cbdc2f7_259_1352_0,490,55,527,93,Turtle,0.17,"(0, 0, 255)"
GH034218-619227cbdc2f7_259_1352_0,643,554,688,597,Turtle,0.12,"(0, 0, 255)"
GH034218-619227cbdc2f7_1259_1352_0,1297,227,1341,265,Dugong_certain,0.94,"(0, 0, 255)"
GH034218-619227cbdc2f7_1259_1352_0,1238,46,1273,87,Dugong_certain,0.54,"(0, 0, 255)"
GH034218-619227cbdc2f7_609_0_0,1193,652,1216,699,Shark,0.99,"(0, 0, 255)"
GH034218-619227cbdc2f7_1102_0_0,438,203,485,240,Turtle,1.0,"(0, 0, 255)"
GH034218-619227cbdc2f7_1836_1352_760,527,300,569,342,Turtle,1.0,"(0, 0, 255)"
GH034218-619227cbdc2f7_1836_1352_760,367,110,404,152,Turtle,0.42,"(0, 0, 255)"
GH034218-619227cbdc2f7_1108_0_760,280,313,323,354,Turtle,0.12,"(0, 128, 0)"
GH034218-619227cbdc2f7_1108_0_760,280,312,321,354,Shark,0.11,"(0, 165, 255)"
GH034218-619227cbdc2f7_1853_1352_760,158,353,179,377,Turtle,0.22,"(0, 0, 255)"
GH034218-619227cbdc2f7_1853_1352_760,248,103,268,133,Shark,0.14,"(0, 0, 255)"
GH034218-619227cbdc2f7_1888_1352_760,131,214,149,241,Shark,0.17,"(0, 0, 255)"
GH034218-619227cbdc2f7_117_0_760,1228,429,1259,463,Turtle,0.97,"(0, 0, 255)"
GH034218-619227cbdc2f7_117_0_760,1083,170,1114,227,Shark,0.88,"(0, 0, 255)"
GH034218-619227cbdc2f7_281_1352_0,308,85,347,124,Turtle,0.48,"(0, 0, 255)"
GH034218-619227cbdc2f7_281_1352_0,868,204,905,240,Turtle,0.32,"(0, 0, 255)"
GH034218-619227cbdc2f7_281_1352_0,551,570,599,626,Turtle,0.3,"(0, 0, 255)"
GH034218-619227cbdc2f7_1315_0_0,1304,551,1338,585,Turtle,0.81,"(0, 0, 255)"
GH034218-619227cbdc2f7_1315_0_0,39,49,115,91,Dugong_certain,0.32,"(0, 0, 255)"
GH034218-619227cbdc2f7_1852_1352_760,4,36,31,60,Turtle,0.74,"(0, 0, 255)"
GH034218-619227cbdc2f7_1300_1352_0,786,14,817,58,Turtle,0.12,"(0, 0, 255)"
GH034218-619227cbdc2f7_850_1352_0,295,519,326,551,Turtle,0.15,"(0, 0, 255)"
GH034218-619227cbdc2f7_1458_0_0,299,293,404,382,Turtle,0.79,"(0, 0, 255)"
GH034218-619227cbdc2f7_1457_0_760,1096,88,1134,160,Shark,0.13,"(0, 0, 255)"
GH034218-619227cbdc2f7_835_1352_0,395,74,429,101,Dugong_certain,0.16,"(0, 0, 255)"
GH034218-619227cbdc2f7_1786_0_760,858,229,888,258,Turtle,0.16,"(0, 0, 255)"
GH034218-619227cbdc2f7_371_1352_0,841,409,894,469,Shark,0.17,"(0, 0, 255)"
GH034218-619227cbdc2f7_1253_1352_0,42,170,73,203,Turtle,0.71,"(0, 0, 255)"
GH034218-619227cbdc2f7_1253_1352_0,171,244,202,273,Turtle,0.28,"(0, 0, 255)"
GH034218-619227cbdc2f7_1253_1352_0,412,353,447,387,Turtle,0.24,"(0, 0, 255)"
GH034218-619227cbdc2f7_236_0_0,1282,258,1327,301,Turtle,0.98,"(0, 0, 255)"
GH034218-619227cbdc2f7_236_0_0,1260,443,1303,470,Turtle,0.39,"(0, 0, 255)"
GH034218-619227cbdc2f7_236_0_0,1259,444,1302,470,Dugong_certain,0.16,"(0, 0, 255)"
GH034218-619227cbdc2f7_1617_1352_760,590,224,610,258,Shark,0.93,"(0, 0, 255)"
GH034218-619227cbdc2f7_1617_1352_760,955,281,990,337,Shark,0.46,"(0, 0, 255)"
GH034218-619227cbdc2f7_1617_1352_760,965,280,997,336,Shark,0.17,"(0, 0, 255)"
GH034218-619227cbdc2f7_1617_1352_760,905,27,933,85,Shark,0.13,"(0, 0, 255)"
GH034218-619227cbdc2f7_841_0_0,1158,109,1194,151,Turtle,0.96,"(0, 0, 255)"
GH034218-619227cbdc2f7_238_0_0,1253,435,1290,472,Turtle,0.13,"(0, 0, 255)"
GH034218-619227cbdc2f7_737_0_0,1201,540,1223,564,Shark,0.29,"(0, 0, 255)"
GH034218-619227cbdc2f7_1884_0_0,1298,457,1343,515,Turtle,0.83,"(0, 0, 255)"
GH034218-619227cbdc2f7_648_1352_0,477,419,493,441,Shark,0.11,"(0, 0, 255)"
GH034218-619227cbdc2f7_1172_0_0,1308,148,1335,176,Turtle,0.41,"(0, 0, 255)"
GH034218-619227cbdc2f7_1927_1352_0,1313,258,1334,291,Shark,0.74,"(0, 0, 255)"
GH034218-619227cbdc2f7_2040_1352_0,567,118,623,175,Turtle,0.41,"(0, 0, 255)"
GH034218-619227cbdc2f7_1239_1352_0,936,70,968,89,Dugong_certain,0.39,"(0, 0, 255)"
GH034218-619227cbdc2f7_1239_1352_0,929,70,964,89,Turtle,0.27,"(0, 0, 255)"
GH034218-619227cbdc2f7_296_1352_760,339,88,380,138,Turtle,0.94,"(0, 0, 255)"
GH034218-619227cbdc2f7_252_1352_0,847,302,889,342,Turtle,0.99,"(0, 0, 255)"
GH034218-619227cbdc2f7_252_1352_0,813,519,852,543,Turtle,0.48,"(0, 0, 255)"
GH034218-619227cbdc2f7_252_1352_0,663,19,696,54,Turtle,0.39,"(0, 0, 255)"
GH034218-619227cbdc2f7_252_1352_0,69,8,104,43,Turtle,0.19,"(0, 0, 255)"
GH034218-619227cbdc2f7_383_0_760,970,572,1011,621,Turtle,0.17,"(0, 0, 255)"
GH034218-619227cbdc2f7_1365_0_0,30,241,67,260,Dugong_certain,0.47,"(0, 165, 255)"
GH034218-619227cbdc2f7_1365_0_0,140,360,179,393,Turtle,0.12,"(0, 128, 0)"
GH034218-619227cbdc2f7_270_1352_760,1,303,44,358,Turtle,0.19,"(0, 0, 255)"
GH034218-619227cbdc2f7_1159_0_760,986,413,1029,450,Turtle,0.99,"(0, 128, 0)"
GH034218-619227cbdc2f7_224_1352_760,474,658,502,690,Turtle,0.14,"(0, 0, 255)"
GH034218-619227cbdc2f7_296_0_0,455,443,523,506,Shark,0.72,"(0, 0, 255)"
GH034218-619227cbdc2f7_296_0_0,456,443,526,506,Turtle,0.39,"(0, 0, 255)"
GH034218-619227cbdc2f7_296_0_0,1066,488,1106,528,Turtle,0.11,"(0, 0, 255)"
GH034218-619227cbdc2f7_1107_0_760,420,0,462,33,Turtle,0.51,"(0, 0, 255)"
GH034218-619227cbdc2f7_882_0_0,760,377,806,401,Shark,0.47,"(0, 0, 255)"
GH034218-619227cbdc2f7_882_0_0,752,375,796,398,Shark,0.14,"(0, 0, 255)"
GH034218-619227cbdc2f7_1242_0_0,639,534,703,575,Turtle,0.65,"(0, 0, 255)"
GH034218-619227cbdc2f7_1254_0_0,416,159,464,189,Shark,0.24,"(0, 0, 255)"
GH034218-619227cbdc2f7_830_1352_760,58,181,91,209,Turtle,0.24,"(0, 0, 255)"
GH034218-619227cbdc2f7_575_1352_760,1324,284,1348,321,Dugong_certain,0.11,"(0, 0, 255)"
GH034218-619227cbdc2f7_119_0_0,1116,233,1151,282,Shark,0.72,"(0, 0, 255)"
GH034218-619227cbdc2f7_293_1352_760,38,234,70,267,Turtle,0.2,"(0, 0, 255)"
GH034218-619227cbdc2f7_2074_1352_0,550,557,591,582,Turtle,0.94,"(0, 0, 255)"
GH034218-619227cbdc2f7_2074_1352_0,153,290,181,318,Shark,0.1,"(0, 0, 255)"
GH034218-619227cbdc2f7_1018_1352_0,174,182,205,225,Turtle,0.59,"(0, 0, 255)"
GH034218-619227cbdc2f7_390_1352_760,106,576,141,621,Turtle,0.43,"(0, 0, 255)"
GH034218-619227cbdc2f7_390_1352_760,293,660,322,700,Turtle,0.13,"(0, 0, 255)"
GH034218-619227cbdc2f7_857_0_0,1002,10,1036,32,Turtle,0.13,"(0, 0, 255)"
GH034218-619227cbdc2f7_989_1352_0,702,164,729,201,Dugong_certain,0.82,"(0, 0, 255)"
GH034218-619227cbdc2f7_989_1352_0,1068,712,1093,750,Shark,0.58,"(0, 0, 255)"
GH034218-619227cbdc2f7_989_1352_0,796,421,815,447,Shark,0.52,"(0, 0, 255)"
GH034218-619227cbdc2f7_989_1352_0,850,355,887,404,Dugong_certain,0.5,"(0, 0, 255)"
GH034218-619227cbdc2f7_989_1352_0,1067,712,1094,749,Dugong_certain,0.14,"(0, 0, 255)"
GH034218-619227cbdc2f7_989_1352_0,700,162,728,201,Shark,0.11,"(0, 0, 255)"
GH034218-619227cbdc2f7_1320_0_0,828,570,886,601,Turtle,0.89,"(0, 0, 255)"
GH034218-619227cbdc2f7_262_1352_0,241,651,283,696,Turtle,0.16,"(0, 0, 255)"
GH034218-619227cbdc2f7_237_0_0,1253,423,1297,464,Turtle,0.18,"(0, 0, 255)"
GH034218-619227cbdc2f7_1257_0_0,1027,275,1065,317,Turtle,0.13,"(0, 0, 255)"
GH034218-619227cbdc2f7_1035_1352_760,1051,24,1071,55,Shark,0.75,"(0, 0, 255)"
GH034218-619227cbdc2f7_1880_1352_0,438,408,470,450,Turtle,0.9,"(0, 0, 255)"
GH034218-619227cbdc2f7_1094_1352_0,26,45,41,70,Shark,0.79,"(0, 0, 255)"
GH034218-619227cbdc2f7_1106_0_0,448,152,492,189,Turtle,0.96,"(0, 128, 0)"
GH034218-619227cbdc2f7_1106_0_0,33,374,93,415,Turtle,0.95,"(0, 128, 0)"
GH034218-619227cbdc2f7_1106_0_0,508,476,546,514,Turtle,0.94,"(0, 128, 0)"
GH034218-619227cbdc2f7_1268_1352_0,50,117,110,148,Shark,0.33,"(0, 0, 255)"
GH034218-619227cbdc2f7_375_1352_0,272,256,301,283,Shark,0.26,"(0, 0, 255)"
GH034218-619227cbdc2f7_297_0_0,392,146,478,205,Turtle,0.12,"(0, 0, 255)"
GH034218-619227cbdc2f7_1164_0_0,909,83,948,113,Turtle,0.77,"(0, 0, 255)"
GH034218-619227cbdc2f7_1094_1352_760,742,28,766,59,Shark,0.15,"(0, 0, 255)"
GH034218-619227cbdc2f7_836_0_0,1175,477,1203,508,Turtle,0.12,"(0, 0, 255)"
GH034218-619227cbdc2f7_1838_1352_760,820,536,845,568,Shark,0.33,"(0, 0, 255)"
GH034218-619227cbdc2f7_448_1352_0,135,159,181,203,Turtle,0.61,"(0, 0, 255)"
GH034218-619227cbdc2f7_448_1352_0,158,279,198,322,Turtle,0.6,"(0, 0, 255)"
GH034218-619227cbdc2f7_386_0_0,1258,112,1287,148,Turtle,0.67,"(0, 0, 255)"
GH034218-619227cbdc2f7_277_0_760,750,602,805,672,Shark,0.34,"(0, 0, 255)"
GH034218-619227cbdc2f7_1898_1352_0,172,567,206,607,Turtle,0.27,"(0, 0, 255)"
GH034218-619227cbdc2f7_80_1352_0,962,585,1015,627,Shark,0.13,"(0, 0, 255)"
GH034218-619227cbdc2f7_372_0_760,28,526,58,553,Turtle,0.2,"(0, 0, 255)"
GH034218-619227cbdc2f7_1036_0_0,82,406,156,478,Dugong_certain,1.0,"(0, 128, 0)"
GH034218-619227cbdc2f7_1762_1352_0,443,536,486,569,Turtle,0.95,"(0, 0, 255)"
GH034218-619227cbdc2f7_1762_1352_0,541,254,577,294,Turtle,0.89,"(0, 0, 255)"
GH034218-619227cbdc2f7_1762_1352_0,452,161,488,196,Turtle,0.27,"(0, 0, 255)"
GH034218-619227cbdc2f7_1762_1352_0,794,504,826,536,Turtle,0.25,"(0, 0, 255)"
GH034218-619227cbdc2f7_2076_1352_760,500,159,541,189,Turtle,0.6,"(0, 0, 255)"
GH034218-619227cbdc2f7_2076_1352_760,22,180,50,213,Turtle,0.21,"(0, 0, 255)"
GH034218-619227cbdc2f7_1353_0_760,1061,543,1099,616,Shark,0.22,"(0, 0, 255)"
GH034218-619227cbdc2f7_1910_1352_760,658,128,702,170,Turtle,0.46,"(0, 0, 255)"
GH034218-619227cbdc2f7_1831_1352_0,483,130,510,160,Turtle,0.97,"(0, 0, 255)"
GH034218-619227cbdc2f7_1177_1352_0,426,655,460,700,Turtle,0.17,"(0, 0, 255)"
GH034218-619227cbdc2f7_858_0_0,1315,520,1345,562,Turtle,0.77,"(0, 0, 255)"
GH034218-619227cbdc2f7_1223_1352_0,987,113,1026,148,Turtle,0.58,"(0, 0, 255)"
GH034218-619227cbdc2f7_1223_1352_0,153,398,184,429,Shark,0.22,"(0, 0, 255)"
GH034218-619227cbdc2f7_1223_1352_0,153,398,184,429,Turtle,0.22,"(0, 0, 255)"
GH034218-619227cbdc2f7_1327_1352_0,1010,107,1088,213,Dugong_certain,0.99,"(0, 0, 255)"
GH034218-619227cbdc2f7_1824_1352_760,248,368,269,403,Shark,0.66,"(0, 0, 255)"
GH034218-619227cbdc2f7_1824_1352_760,257,368,276,402,Shark,0.24,"(0, 0, 255)"
GH034218-619227cbdc2f7_1011_0_760,1007,90,1036,117,Turtle,0.95,"(0, 128, 0)"
GH034218-619227cbdc2f7_385_1352_0,300,58,323,78,Shark,0.43,"(0, 0, 255)"
GH034218-619227cbdc2f7_385_1352_0,440,93,462,119,Shark,0.22,"(0, 0, 255)"
GH034218-619227cbdc2f7_385_1352_0,288,58,313,79,Shark,0.21,"(0, 0, 255)"
GH034218-619227cbdc2f7_1231_0_0,769,253,822,281,Shark,0.34,"(0, 0, 255)"
GH034218-619227cbdc2f7_1231_0_0,619,377,665,401,Shark,0.25,"(0, 0, 255)"
GH034218-619227cbdc2f7_1629_1352_0,128,24,148,60,Shark,0.12,"(0, 0, 255)"
GH034218-619227cbdc2f7_605_1352_0,493,510,524,546,Shark,0.24,"(0, 0, 255)"
GH034218-619227cbdc2f7_1849_1352_760,580,525,615,561,Turtle,0.92,"(0, 0, 255)"
GH034218-619227cbdc2f7_1849_1352_760,1003,87,1021,110,Shark,0.85,"(0, 0, 255)"
GH034218-619227cbdc2f7_1849_1352_760,1330,555,1347,590,Dugong_certain,0.24,"(0, 0, 255)"
GH034218-619227cbdc2f7_1849_1352_760,1318,527,1347,592,Shark,0.14,"(0, 0, 255)"
GH034218-619227cbdc2f7_277_1352_760,672,587,720,633,Turtle,0.31,"(0, 0, 255)"
GH034218-619227cbdc2f7_277_1352_760,925,673,959,720,Turtle,0.12,"(0, 0, 255)"
GH034218-619227cbdc2f7_268_0_0,1280,511,1320,548,Turtle,0.48,"(0, 0, 255)"
GH034218-619227cbdc2f7_953_1352_760,389,38,424,81,Turtle,0.12,"(0, 0, 255)"
GH034218-619227cbdc2f7_324_1352_0,56,55,83,88,Turtle,0.99,"(0, 0, 255)"
GH034218-619227cbdc2f7_1223_1352_760,1309,391,1340,430,Turtle,0.19,"(0, 0, 255)"
GH034218-619227cbdc2f7_1223_1352_760,1218,360,1265,408,Turtle,0.11,"(0, 0, 255)"
GH034218-619227cbdc2f7_1012_0_760,952,300,981,330,Turtle,1.0,"(0, 128, 0)"
GH034218-619227cbdc2f7_276_1352_0,556,231,615,278,Turtle,0.97,"(0, 0, 255)"
GH034218-619227cbdc2f7_276_1352_0,776,265,808,313,Turtle,0.79,"(0, 0, 255)"
GH034218-619227cbdc2f7_276_1352_0,418,266,463,325,Turtle,0.55,"(0, 0, 255)"
GH034218-619227cbdc2f7_276_1352_0,470,435,509,475,Turtle,0.11,"(0, 0, 255)"
GH034218-619227cbdc2f7_379_0_0,1171,654,1196,692,Turtle,0.11,"(0, 0, 255)"
GH034218-619227cbdc2f7_826_1352_760,456,556,486,604,Turtle,0.48,"(0, 0, 255)"
GH034218-619227cbdc2f7_826_1352_760,754,0,799,41,Turtle,0.37,"(0, 0, 255)"
GH034218-619227cbdc2f7_1762_0_0,1305,198,1338,236,Turtle,0.64,"(0, 0, 255)"
GH034218-619227cbdc2f7_1762_0_0,1271,522,1319,571,Turtle,0.16,"(0, 0, 255)"
GH034218-619227cbdc2f7_1240_0_0,1187,365,1233,404,Shark,0.2,"(0, 0, 255)"
GH034218-619227cbdc2f7_1275_1352_760,428,303,464,344,Shark,0.27,"(0, 0, 255)"
GH034218-619227cbdc2f7_1024_1352_0,345,408,389,473,Turtle,0.59,"(0, 0, 255)"
GH034218-619227cbdc2f7_1024_1352_0,347,408,389,474,Shark,0.15,"(0, 0, 255)"
GH034218-619227cbdc2f7_1740_1352_760,639,665,664,695,Turtle,0.21,"(0, 0, 255)"
GH034218-619227cbdc2f7_1773_0_0,195,216,241,267,Turtle,0.91,"(0, 0, 255)"
GH034218-619227cbdc2f7_993_1352_760,870,616,898,666,Shark,0.87,"(0, 0, 255)"
GH034218-619227cbdc2f7_993_1352_760,710,152,733,196,Dugong_certain,0.56,"(0, 0, 255)"
GH034218-619227cbdc2f7_993_1352_760,862,615,890,669,Shark,0.2,"(0, 0, 255)"
GH034218-619227cbdc2f7_993_1352_760,683,181,724,237,Dugong_certain,0.11,"(0, 0, 255)"
GH034218-619227cbdc2f7_1150_0_0,1272,655,1302,692,Turtle,0.16,"(0, 0, 255)"
GH034218-619227cbdc2f7_1220_1352_0,1015,55,1070,122,Dugong_certain,0.18,"(0, 0, 255)"
GH034218-619227cbdc2f7_1232_1352_0,610,534,648,563,Turtle,0.9,"(0, 0, 255)"
GH034218-619227cbdc2f7_846_1352_0,128,289,155,310,Shark,0.17,"(0, 0, 255)"
GH034218-619227cbdc2f7_1242_1352_0,460,206,506,244,Turtle,0.77,"(0, 0, 255)"
GH034218-619227cbdc2f7_648_1352_760,382,392,418,414,Shark,0.22,"(0, 0, 255)"
GH034218-619227cbdc2f7_2050_0_0,1056,421,1076,454,Shark,0.99,"(0, 0, 255)"
GH034218-619227cbdc2f7_2050_0_0,1050,420,1070,453,Shark,0.54,"(0, 0, 255)"
GH034218-619227cbdc2f7_269_1352_760,526,81,582,129,Turtle,0.52,"(0, 0, 255)"
GH034218-619227cbdc2f7_1270_1352_0,484,181,502,205,Shark,0.1,"(0, 0, 255)"
GH034218-619227cbdc2f7_1782_1352_0,112,649,147,691,Turtle,0.28,"(0, 0, 255)"
GH034218-619227cbdc2f7_753_1352_0,189,36,221,74,Shark,0.19,"(0, 0, 255)"
GH034218-619227cbdc2f7_1229_0_760,1192,422,1257,492,Turtle,0.63,"(0, 0, 255)"
GH034218-619227cbdc2f7_397_1352_760,472,535,495,581,Shark,0.57,"(0, 0, 255)"
GH034218-619227cbdc2f7_397_1352_760,481,535,506,579,Shark,0.35,"(0, 0, 255)"
GH034218-619227cbdc2f7_517_1352_0,584,88,630,125,Turtle,0.13,"(0, 0, 255)"
GH034218-619227cbdc2f7_1775_0_0,468,147,529,185,Shark,1.0,"(0, 0, 255)"
GH034218-619227cbdc2f7_1233_0_0,857,132,905,168,Turtle,0.51,"(0, 0, 255)"
GH034218-619227cbdc2f7_1256_1352_0,776,331,805,360,Turtle,0.32,"(0, 0, 255)"
GH034218-619227cbdc2f7_1256_1352_0,25,104,73,138,Shark,0.24,"(0, 0, 255)"
GH034218-619227cbdc2f7_2081_1352_760,761,122,792,151,Turtle,0.95,"(0, 0, 255)"
GH034218-619227cbdc2f7_311_1352_0,992,508,1022,568,Shark,0.35,"(0, 0, 255)"
GH034218-619227cbdc2f7_117_1352_0,329,66,353,95,Shark,0.19,"(0, 0, 255)"
GH034218-619227cbdc2f7_1740_1352_0,1297,645,1339,693,Turtle,0.36,"(0, 0, 255)"
GH034218-619227cbdc2f7_1781_1352_0,188,57,219,94,Turtle,0.99,"(0, 0, 255)"
GH034218-619227cbdc2f7_2077_1352_760,455,381,499,419,Turtle,0.97,"(0, 0, 255)"
GH034218-619227cbdc2f7_2077_1352_760,99,667,135,725,Shark,0.73,"(0, 0, 255)"
GH034218-619227cbdc2f7_267_1352_760,54,504,84,537,Turtle,0.11,"(0, 0, 255)"
GH034218-619227cbdc2f7_300_1352_760,974,524,1003,574,Turtle,0.19,"(0, 0, 255)"
GH034218-619227cbdc2f7_235_0_0,1294,281,1330,306,Turtle,0.45,"(0, 0, 255)"
GH034218-619227cbdc2f7_235_0_0,1311,107,1349,151,Turtle,0.33,"(0, 0, 255)"
GH034218-619227cbdc2f7_876_0_0,392,404,443,430,Shark,0.91,"(0, 0, 255)"
GH034218-619227cbdc2f7_1776_0_0,359,364,422,399,Turtle,0.11,"(0, 0, 255)"
GH034218-619227cbdc2f7_283_1352_760,453,410,492,447,Turtle,0.92,"(0, 0, 255)"
GH034218-619227cbdc2f7_2068_0_760,1138,396,1155,427,Shark,0.47,"(0, 0, 255)"
GH034218-619227cbdc2f7_876_0_760,277,174,321,236,Shark,0.61,"(0, 0, 255)"
GH034218-619227cbdc2f7_849_0_0,1310,206,1338,240,Turtle,0.15,"(0, 0, 255)"
GH034218-619227cbdc2f7_94_0_0,1299,141,1347,162,Dugong_certain,0.24,"(0, 0, 255)"
GH034218-619227cbdc2f7_266_1352_0,1296,539,1321,573,Dugong_certain,0.45,"(0, 0, 255)"
GH034218-619227cbdc2f7_266_1352_0,540,334,588,361,Turtle,0.3,"(0, 0, 255)"
GH034218-619227cbdc2f7_1035_0_0,171,164,234,225,Dugong_certain,0.87,"(0, 128, 0)"
GH034218-619227cbdc2f7_1035_0_0,675,263,719,310,Turtle,0.7,"(0, 165, 255)"
GH034218-619227cbdc2f7_1035_0_0,173,164,233,226,Shark,0.21,"(0, 165, 255)"
GH034218-619227cbdc2f7_208_0_760,695,598,736,639,Turtle,0.4,"(0, 0, 255)"
GH034218-619227cbdc2f7_394_0_0,1299,376,1327,413,Turtle,0.12,"(0, 0, 255)"
GH034218-619227cbdc2f7_288_1352_0,450,551,489,597,Turtle,0.91,"(0, 0, 255)"
GH034218-619227cbdc2f7_288_1352_0,513,459,553,500,Turtle,0.85,"(0, 0, 255)"
GH034218-619227cbdc2f7_979_0_0,795,543,836,576,Turtle,1.0,"(0, 0, 255)"
GH034218-619227cbdc2f7_282_1352_0,290,252,326,290,Turtle,0.19,"(0, 0, 255)"
GH034218-619227cbdc2f7_1763_0_0,534,98,602,160,Turtle,1.0,"(0, 0, 255)"
GH034218-619227cbdc2f7_660_0_0,69,561,116,589,Turtle,0.28,"(0, 128, 0)"
GH034218-619227cbdc2f7_877_0_0,1261,492,1318,532,Turtle,1.0,"(0, 0, 255)"
GH034218-619227cbdc2f7_877_0_0,248,644,306,679,Shark,0.54,"(0, 0, 255)"
GH034218-619227cbdc2f7_1770_1352_760,44,233,77,269,Turtle,0.1,"(0, 0, 255)"
GH034218-619227cbdc2f7_1875_1352_760,808,532,828,573,Dugong_certain,0.14,"(0, 0, 255)"
GH034218-619227cbdc2f7_1765_1352_0,73,186,109,225,Turtle,0.93,"(0, 0, 255)"
GH034218-619227cbdc2f7_1765_1352_0,538,632,577,664,Turtle,0.39,"(0, 0, 255)"
GH034218-619227cbdc2f7_1282_1352_760,845,192,884,224,Turtle,0.32,"(0, 0, 255)"
GH034218-619227cbdc2f7_1842_1352_760,127,486,159,528,Turtle,0.19,"(0, 0, 255)"
GH034218-619227cbdc2f7_1822_1352_0,307,348,334,366,Shark,0.58,"(0, 0, 255)"
GH034218-619227cbdc2f7_356_1352_760,425,544,478,586,Turtle,0.98,"(0, 0, 255)"
GH034218-619227cbdc2f7_1764_1352_760,642,690,678,733,Turtle,0.1,"(0, 0, 255)"
GH034218-619227cbdc2f7_990_1352_0,183,303,223,343,Turtle,0.87,"(0, 0, 255)"
GH034218-619227cbdc2f7_990_1352_0,783,670,803,701,Turtle,0.21,"(0, 0, 255)"
GH034218-619227cbdc2f7_1154_0_0,1314,102,1340,125,Turtle,0.68,"(0, 0, 255)"
GH034218-619227cbdc2f7_368_1352_0,986,12,1020,53,Dugong_certain,0.12,"(0, 0, 255)"
GH034218-619227cbdc2f7_261_0_0,1206,262,1253,299,Turtle,0.99,"(0, 0, 255)"
GH034218-619227cbdc2f7_261_0_0,596,533,642,572,Turtle,0.5,"(0, 0, 255)"
GH034218-619227cbdc2f7_261_0_0,1292,92,1329,120,Turtle,0.35,"(0, 0, 255)"
GH034218-619227cbdc2f7_1240_1352_0,1067,213,1098,247,Turtle,0.11,"(0, 0, 255)"
GH034218-619227cbdc2f7_608_0_0,1045,659,1079,702,Shark,0.97,"(0, 0, 255)"
GH034218-619227cbdc2f7_1648_0_0,1159,444,1194,478,Turtle,0.15,"(0, 0, 255)"
GH034218-619227cbdc2f7_1760_1352_0,444,213,480,245,Turtle,0.97,"(0, 0, 255)"
GH034218-619227cbdc2f7_1760_1352_0,915,458,957,502,Turtle,0.94,"(0, 0, 255)"
GH034218-619227cbdc2f7_1760_1352_0,636,301,682,347,Turtle,0.83,"(0, 0, 255)"
GH034218-619227cbdc2f7_243_1352_0,993,87,1033,128,Turtle,0.33,"(0, 0, 255)"
GH034218-619227cbdc2f7_1482_0_0,1004,499,1057,529,Turtle,0.18,"(0, 0, 255)"
GH034218-619227cbdc2f7_1824_0_760,1055,676,1087,698,Shark,0.95,"(0, 0, 255)"
GH034218-619227cbdc2f7_1587_1352_0,1,387,83,428,Shark,0.98,"(0, 0, 255)"
GH034218-619227cbdc2f7_1587_1352_0,133,104,169,124,Shark,0.95,"(0, 0, 255)"
GH034218-619227cbdc2f7_1834_1352_0,416,528,441,563,Shark,0.98,"(0, 0, 255)"
GH034218-619227cbdc2f7_1834_1352_0,973,374,1042,439,Shark,0.95,"(0, 0, 255)"
GH034218-619227cbdc2f7_1834_1352_0,972,373,1044,440,Dugong_certain,0.16,"(0, 0, 255)"
GH034218-619227cbdc2f7_447_0_760,1177,651,1201,681,Turtle,0.16,"(0, 0, 255)"
GH034218-619227cbdc2f7_1017_1352_760,179,137,199,181,Shark,0.14,"(0, 0, 255)"
GH034218-619227cbdc2f7_1174_1352_760,663,193,692,223,Turtle,0.52,"(0, 0, 255)"
GH034218-619227cbdc2f7_409_1352_760,834,451,856,506,Shark,0.8,"(0, 0, 255)"
GH034218-619227cbdc2f7_409_1352_760,822,452,843,507,Shark,0.38,"(0, 0, 255)"
GH034218-619227cbdc2f7_1260_1352_0,1312,328,1349,362,Turtle,0.93,"(0, 0, 255)"
GH034218-619227cbdc2f7_1105_0_0,121,99,187,144,Turtle,0.96,"(0, 128, 0)"
GH034218-619227cbdc2f7_294_1352_0,77,709,117,742,Turtle,0.16,"(0, 0, 255)"
GH034218-619227cbdc2f7_1192_1352_0,648,636,681,701,Shark,0.81,"(0, 0, 255)"
GH034218-619227cbdc2f7_1192_1352_0,637,637,667,703,Shark,0.12,"(0, 0, 255)"
GH034218-619227cbdc2f7_288_0_760,1238,409,1277,444,Turtle,0.12,"(0, 0, 255)"
GH034218-619227cbdc2f7_387_1352_760,162,146,193,181,Turtle,0.99,"(0, 0, 255)"
GH034218-619227cbdc2f7_1236_1352_0,810,282,843,308,Turtle,0.23,"(0, 0, 255)"
GH034218-619227cbdc2f7_1268_0_760,474,418,508,435,Shark,0.43,"(0, 0, 255)"
GH034218-619227cbdc2f7_1268_0_760,465,417,498,434,Shark,0.36,"(0, 0, 255)"
GH034218-619227cbdc2f7_1148_1352_0,6,275,35,306,Turtle,0.15,"(0, 0, 255)"
GH034218-619227cbdc2f7_839_1352_0,371,391,415,432,Turtle,1.0,"(0, 0, 255)"
GH034218-619227cbdc2f7_839_1352_0,1004,154,1050,194,Dugong_certain,0.98,"(0, 0, 255)"
GH034218-619227cbdc2f7_106_1352_0,673,27,693,65,Shark,0.85,"(0, 0, 255)"
GH034218-619227cbdc2f7_875_0_0,18,680,90,723,Shark,0.97,"(0, 0, 255)"
GH034218-619227cbdc2f7_1809_1352_760,613,531,626,558,Shark,0.95,"(0, 0, 255)"
GH034218-619227cbdc2f7_337_1352_760,25,557,60,593,Turtle,0.23,"(0, 0, 255)"
GH034218-619227cbdc2f7_478_1352_0,559,351,599,387,Turtle,0.56,"(0, 0, 255)"
GH034218-619227cbdc2f7_478_1352_0,549,352,586,387,Turtle,0.22,"(0, 0, 255)"
GH034218-619227cbdc2f7_1307_1352_0,659,636,726,718,Dugong_certain,0.92,"(0, 0, 255)"
GH034218-619227cbdc2f7_1723_0_0,1049,284,1085,314,Turtle,0.23,"(0, 0, 255)"
GH034218-619227cbdc2f7_1761_1352_0,1159,438,1204,497,Dugong_certain,0.83,"(0, 0, 255)"
GH034218-619227cbdc2f7_1761_1352_0,438,364,475,393,Turtle,0.34,"(0, 0, 255)"
GH034218-619227cbdc2f7_1761_1352_0,438,364,475,393,Shark,0.2,"(0, 0, 255)"
GH034218-619227cbdc2f7_295_0_760,1302,373,1333,402,Turtle,0.99,"(0, 0, 255)"
GH034218-619227cbdc2f7_295_0_760,1215,242,1250,276,Turtle,0.31,"(0, 0, 255)"
GH034218-619227cbdc2f7_130_0_760,637,28,671,83,Shark,0.82,"(0, 0, 255)"
GH034218-619227cbdc2f7_1424_1352_0,116,145,154,207,Shark,0.99,"(0, 0, 255)"
GH034218-619227cbdc2f7_1811_1352_0,442,20,461,45,Shark,0.18,"(0, 0, 255)"
GH034218-619227cbdc2f7_2074_0_760,1225,297,1246,327,Shark,0.98,"(0, 0, 255)"
GH034218-619227cbdc2f7_1764_1352_0,109,44,146,81,Turtle,0.83,"(0, 0, 255)"
GH034218-619227cbdc2f7_1764_1352_0,472,406,514,438,Turtle,0.57,"(0, 0, 255)"
GH034218-619227cbdc2f7_1764_1352_0,608,585,650,617,Turtle,0.23,"(0, 0, 255)"
GH034218-619227cbdc2f7_956_1352_760,280,497,309,536,Turtle,0.28,"(0, 0, 255)"
GH034218-619227cbdc2f7_1154_1352_760,173,340,201,385,Turtle,0.63,"(0, 128, 0)"
GH034218-619227cbdc2f7_1154_1352_760,133,434,176,478,Turtle,0.5,"(0, 128, 0)"
GH034218-619227cbdc2f7_1154_1352_760,336,214,369,252,Turtle,0.43,"(0, 128, 0)"
GH034218-619227cbdc2f7_1856_1352_760,614,407,651,444,Turtle,0.99,"(0, 0, 255)"
GH034218-619227cbdc2f7_1856_1352_760,943,505,979,546,Turtle,0.9,"(0, 0, 255)"
GH034218-619227cbdc2f7_819_1352_0,1319,362,1347,405,Turtle,0.23,"(0, 0, 255)"
GH034218-619227cbdc2f7_819_1352_0,693,282,728,317,Turtle,0.14,"(0, 0, 255)"
GH034218-619227cbdc2f7_1222_1352_760,1151,162,1192,205,Dugong_certain,0.1,"(0, 0, 255)"
GH034218-619227cbdc2f7_968_0_760,595,530,637,556,Shark,0.49,"(0, 0, 255)"
GH034218-619227cbdc2f7_1870_0_760,189,285,233,328,Turtle,0.69,"(0, 0, 255)"
GH034218-619227cbdc2f7_1273_1352_0,450,644,473,678,Shark,0.48,"(0, 0, 255)"
GH034218-619227cbdc2f7_389_1352_760,275,499,306,539,Turtle,0.97,"(0, 0, 255)"
GH034218-619227cbdc2f7_389_1352_760,265,499,297,541,Turtle,0.6,"(0, 0, 255)"
GH034218-619227cbdc2f7_389_1352_760,533,136,550,163,Shark,0.45,"(0, 0, 255)"
GH034218-619227cbdc2f7_389_1352_760,0,16,25,58,Turtle,0.3,"(0, 0, 255)"
GH034218-619227cbdc2f7_389_1352_760,421,642,447,671,Turtle,0.29,"(0, 0, 255)"
GH034218-619227cbdc2f7_389_1352_760,141,350,174,389,Turtle,0.25,"(0, 0, 255)"
GH034218-619227cbdc2f7_389_1352_760,109,587,141,630,Turtle,0.16,"(0, 0, 255)"
GH034218-619227cbdc2f7_1855_0_760,856,653,892,687,Turtle,0.15,"(0, 0, 255)"
GH034218-619227cbdc2f7_826_1352_0,298,668,360,729,Turtle,0.69,"(0, 0, 255)"
GH034218-619227cbdc2f7_1166_0_0,717,480,764,517,Turtle,1.0,"(0, 128, 0)"
GH034218-619227cbdc2f7_1166_0_0,186,337,233,375,Turtle,0.97,"(0, 128, 0)"
GH034218-619227cbdc2f7_1864_0_0,510,646,550,666,Dugong_certain,0.97,"(0, 0, 255)"
GH034218-619227cbdc2f7_1874_1352_760,661,85,676,113,Dugong_certain,0.59,"(0, 0, 255)"
GH034218-619227cbdc2f7_1152_0_760,1147,415,1186,460,Turtle,0.7,"(0, 128, 0)"
GH034218-619227cbdc2f7_1261_1352_760,1146,443,1179,491,Shark,0.5,"(0, 0, 255)"
GH034218-619227cbdc2f7_601_1352_760,1069,510,1105,544,Turtle,0.2,"(0, 0, 255)"
GH034218-619227cbdc2f7_258_1352_0,737,647,785,691,Turtle,1.0,"(0, 0, 255)"
GH034218-619227cbdc2f7_258_1352_0,407,200,466,253,Turtle,0.7,"(0, 0, 255)"
GH034218-619227cbdc2f7_1029_1352_760,355,571,403,663,Shark,0.56,"(0, 0, 255)"
GH034218-619227cbdc2f7_885_0_760,401,369,474,425,Shark,1.0,"(0, 0, 255)"
GH034218-619227cbdc2f7_286_1352_760,590,56,641,103,Turtle,0.38,"(0, 0, 255)"
GH034218-619227cbdc2f7_286_1352_760,88,439,137,497,Turtle,0.34,"(0, 0, 255)"
GH034218-619227cbdc2f7_806_0_0,963,66,1021,111,Turtle,0.65,"(0, 0, 255)"
GH034218-619227cbdc2f7_1156_1352_760,462,317,497,357,Turtle,0.99,"(0, 128, 0)"
GH034218-619227cbdc2f7_1156_1352_760,726,211,766,247,Turtle,0.33,"(0, 128, 0)"
GH034218-619227cbdc2f7_962_0_760,1315,602,1348,634,Turtle,1.0,"(0, 0, 255)"
GH034218-619227cbdc2f7_1033_1352_0,659,43,681,81,Shark,0.86,"(0, 0, 255)"
GH034218-619227cbdc2f7_1033_1352_0,873,13,889,41,Shark,0.15,"(0, 0, 255)"
GH034218-619227cbdc2f7_386_1352_0,638,70,658,98,Shark,0.9,"(0, 0, 255)"
GH034218-619227cbdc2f7_386_1352_0,294,690,323,727,Turtle,0.89,"(0, 0, 255)"
GH034218-619227cbdc2f7_386_1352_0,455,211,477,240,Shark,0.46,"(0, 0, 255)"
GH034218-619227cbdc2f7_386_1352_0,44,279,68,313,Turtle,0.37,"(0, 0, 255)"
GH034218-619227cbdc2f7_287_0_760,1302,209,1345,271,Turtle,1.0,"(0, 0, 255)"
GH034218-619227cbdc2f7_287_0_760,1304,531,1340,562,Turtle,0.45,"(0, 0, 255)"
GH034218-619227cbdc2f7_287_0_760,785,50,816,84,Turtle,0.19,"(0, 0, 255)"
GH034218-619227cbdc2f7_1873_1352_0,536,437,579,493,Dugong_certain,0.12,"(0, 0, 255)"
GH034218-619227cbdc2f7_1634_1352_760,765,302,794,337,Shark,0.59,"(0, 0, 255)"
GH034218-619227cbdc2f7_1186_1352_0,360,32,382,79,Shark,0.87,"(0, 0, 255)"
GH034218-619227cbdc2f7_1186_1352_0,347,31,367,79,Shark,0.7,"(0, 0, 255)"
GH034218-619227cbdc2f7_231_1352_0,482,57,536,108,Turtle,0.54,"(0, 0, 255)"
GH034218-619227cbdc2f7_1255_1352_0,517,497,569,548,Turtle,0.91,"(0, 0, 255)"
GH034218-619227cbdc2f7_1255_1352_0,87,560,121,592,Turtle,0.23,"(0, 0, 255)"
GH034218-619227cbdc2f7_1255_1352_0,517,496,569,548,Dugong_certain,0.21,"(0, 0, 255)"
GH034218-619227cbdc2f7_1302_1352_0,782,244,821,284,Turtle,0.62,"(0, 0, 255)"
GH034218-619227cbdc2f7_396_1352_760,831,645,858,692,Shark,0.97,"(0, 0, 255)"
GH034218-619227cbdc2f7_396_1352_760,384,42,420,99,Shark,0.5,"(0, 0, 255)"
GH034218-619227cbdc2f7_396_1352_760,830,646,856,693,Dugong_certain,0.11,"(0, 0, 255)"
GH034218-619227cbdc2f7_874_0_0,192,416,254,449,Shark,0.99,"(0, 0, 255)"
GH034218-619227cbdc2f7_874_0_0,568,437,601,458,Shark,0.83,"(0, 0, 255)"
GH034218-619227cbdc2f7_354_1352_760,504,46,545,81,Turtle,0.99,"(0, 0, 255)"
GH034218-619227cbdc2f7_1244_1352_760,672,94,727,143,Turtle,0.19,"(0, 0, 255)"
GH034218-619227cbdc2f7_750_0_760,983,624,1023,676,Shark,0.27,"(0, 0, 255)"
GH034218-619227cbdc2f7_1597_0_760,606,208,641,240,Shark,0.43,"(0, 0, 255)"
GH034218-619227cbdc2f7_2071_1352_760,1293,455,1342,502,Turtle,0.97,"(0, 0, 255)"
GH034218-619227cbdc2f7_807_0_760,30,59,84,88,Shark,0.52,"(0, 0, 255)"
GH034218-619227cbdc2f7_807_0_760,1161,246,1179,278,Shark,0.14,"(0, 0, 255)"
GH034218-619227cbdc2f7_1252_1352_760,95,664,144,728,Shark,0.98,"(0, 0, 255)"
GH034218-619227cbdc2f7_1252_1352_760,758,142,785,175,Turtle,0.61,"(0, 0, 255)"
GH034218-619227cbdc2f7_1010_1352_0,340,522,367,569,Shark,0.44,"(0, 0, 255)"
GH034218-619227cbdc2f7_1255_1352_760,765,132,786,162,Shark,0.24,"(0, 0, 255)"
GH034218-619227cbdc2f7_1255_1352_760,138,137,175,179,Turtle,0.18,"(0, 0, 255)"
GH034218-619227cbdc2f7_295_1352_0,361,655,397,697,Turtle,0.73,"(0, 0, 255)"
GH034218-619227cbdc2f7_295_1352_0,350,655,386,699,Turtle,0.15,"(0, 0, 255)"
GH034218-619227cbdc2f7_983_1352_760,39,667,83,716,Turtle,1.0,"(0, 128, 0)"
GH034218-619227cbdc2f7_1289_1352_760,754,72,787,106,Shark,0.27,"(0, 0, 255)"
GH034218-619227cbdc2f7_326_1352_760,16,378,43,401,Turtle,0.11,"(0, 0, 255)"
GH034218-619227cbdc2f7_1900_0_760,1313,244,1344,289,Turtle,0.35,"(0, 0, 255)"
GH034218-619227cbdc2f7_1229_1352_0,829,338,898,389,Dugong_certain,1.0,"(0, 0, 255)"
GH034218-619227cbdc2f7_1229_1352_0,684,663,718,704,Turtle,0.32,"(0, 0, 255)"
GH034218-619227cbdc2f7_1591_0_0,1225,230,1258,260,Turtle,0.36,"(0, 0, 255)"
GH034218-619227cbdc2f7_999_1352_760,68,559,95,595,Turtle,0.18,"(0, 0, 255)"
GH034218-619227cbdc2f7_785_0_0,1140,65,1204,117,Turtle,0.59,"(0, 0, 255)"
GH034218-619227cbdc2f7_1050_1352_760,1319,67,1344,109,Dugong_certain,0.99,"(0, 0, 255)"
GH034218-619227cbdc2f7_603_0_760,1216,47,1254,140,Shark,0.1,"(0, 0, 255)"
GH034218-619227cbdc2f7_971_0_760,559,199,589,234,Dugong_certain,0.19,"(0, 0, 255)"
GH034218-619227cbdc2f7_1621_0_760,997,569,1023,614,Shark,0.14,"(0, 0, 255)"
GH034218-619227cbdc2f7_838_1352_0,371,244,415,288,Turtle,1.0,"(0, 0, 255)"
GH034218-619227cbdc2f7_838_1352_0,979,55,1025,102,Turtle,0.94,"(0, 0, 255)"
GH034218-619227cbdc2f7_838_1352_0,554,353,586,387,Turtle,0.38,"(0, 0, 255)"
GH034218-619227cbdc2f7_838_1352_0,979,55,1024,103,Dugong_certain,0.33,"(0, 0, 255)"
GH034218-619227cbdc2f7_838_1352_0,544,353,575,387,Turtle,0.2,"(0, 0, 255)"
GH034218-619227cbdc2f7_978_1352_760,404,437,434,469,Turtle,0.91,"(0, 128, 0)"
GH034218-619227cbdc2f7_1846_1352_0,803,374,830,415,Dugong_certain,0.72,"(0, 0, 255)"
GH034218-619227cbdc2f7_1255_0_0,1288,485,1322,525,Turtle,0.99,"(0, 0, 255)"
GH034218-619227cbdc2f7_81_1352_0,428,654,466,677,Shark,0.12,"(0, 0, 255)"
GH034218-619227cbdc2f7_978_1352_0,233,359,266,393,Turtle,0.15,"(0, 0, 255)"
GH034218-619227cbdc2f7_978_1352_0,1315,295,1345,341,Turtle,0.12,"(0, 0, 255)"
GH034218-619227cbdc2f7_1878_1352_0,388,97,420,135,Turtle,0.51,"(0, 0, 255)"
GH034218-619227cbdc2f7_1818_0_0,1261,421,1291,459,Turtle,0.1,"(0, 0, 255)"
GH034218-619227cbdc2f7_838_0_0,1001,343,1048,374,Turtle,0.11,"(0, 0, 255)"
GH034218-619227cbdc2f7_86_0_760,486,459,544,516,Turtle,0.71,"(0, 0, 255)"
GH034218-619227cbdc2f7_877_0_760,104,557,152,595,Shark,0.99,"(0, 0, 255)"
GH034218-619227cbdc2f7_845_1352_760,455,690,496,735,Turtle,0.19,"(0, 0, 255)"
GH034218-619227cbdc2f7_495_1352_0,478,248,517,283,Turtle,0.12,"(0, 0, 255)"
GH034218-619227cbdc2f7_1872_1352_0,517,274,554,327,Shark,0.14,"(0, 0, 255)"
GH034218-619227cbdc2f7_1783_1352_760,331,144,358,177,Turtle,0.53,"(0, 0, 255)"
GH034218-619227cbdc2f7_248_1352_0,1133,655,1186,725,Turtle,1.0,"(0, 0, 255)"
GH034218-619227cbdc2f7_248_1352_0,850,355,885,394,Turtle,0.69,"(0, 0, 255)"
GH034218-619227cbdc2f7_248_1352_0,1064,205,1098,245,Shark,0.34,"(0, 0, 255)"
GH034218-619227cbdc2f7_248_1352_0,859,352,896,393,Turtle,0.2,"(0, 0, 255)"
GH034218-619227cbdc2f7_316_0_0,249,39,300,84,Turtle,0.76,"(0, 0, 255)"
GH034218-619227cbdc2f7_1229_0_0,680,56,732,101,Shark,0.19,"(0, 0, 255)"
GH034218-619227cbdc2f7_1490_0_760,687,47,724,73,Shark,0.47,"(0, 0, 255)"
GH034218-619227cbdc2f7_831_1352_760,15,443,46,475,Turtle,0.99,"(0, 0, 255)"
GH034218-619227cbdc2f7_515_1352_0,795,161,835,198,Turtle,0.71,"(0, 0, 255)"
GH034218-619227cbdc2f7_2077_0_760,1296,433,1328,469,Turtle,0.98,"(0, 0, 255)"
GH034218-619227cbdc2f7_1157_1352_760,733,444,768,484,Turtle,1.0,"(0, 128, 0)"
GH034218-619227cbdc2f7_1157_1352_760,448,581,486,625,Turtle,0.5,"(0, 128, 0)"
GH034218-619227cbdc2f7_279_0_760,1175,1,1219,70,Shark,0.96,"(0, 0, 255)"
GH034218-619227cbdc2f7_279_0_760,1307,633,1345,680,Turtle,0.6,"(0, 0, 255)"
GH034218-619227cbdc2f7_2077_1352_0,274,612,367,710,Shark,0.18,"(0, 0, 255)"
GH034218-619227cbdc2f7_1168_0_760,362,260,420,310,Turtle,1.0,"(0, 128, 0)"
GH034218-619227cbdc2f7_1176_0_760,984,224,1021,264,Turtle,0.3,"(0, 128, 0)"
GH034218-619227cbdc2f7_1022_1352_0,306,94,344,162,Shark,0.73,"(0, 0, 255)"
GH034218-619227cbdc2f7_1022_1352_0,119,82,148,115,Turtle,0.68,"(0, 0, 255)"
GH034218-619227cbdc2f7_633_1352_760,328,18,349,51,Shark,0.16,"(0, 0, 255)"
GH034218-619227cbdc2f7_453_1352_0,1034,54,1064,84,Turtle,0.28,"(0, 0, 255)"
GH034218-619227cbdc2f7_1609_1352_760,350,151,391,182,Dugong_certain,0.91,"(0, 0, 255)"
GH034218-619227cbdc2f7_1609_1352_760,350,150,391,182,Shark,0.16,"(0, 0, 255)"
GH034218-619227cbdc2f7_1608_1352_760,715,282,733,315,Shark,0.92,"(0, 0, 255)"
GH034218-619227cbdc2f7_1608_1352_760,720,283,738,314,Shark,0.21,"(0, 0, 255)"
GH034218-619227cbdc2f7_1257_1352_0,1293,51,1329,83,Dugong_certain,0.43,"(0, 0, 255)"
GH034218-619227cbdc2f7_1257_1352_0,1293,52,1329,83,Turtle,0.38,"(0, 0, 255)"
GH034218-619227cbdc2f7_384_1352_760,252,51,290,94,Turtle,0.54,"(0, 0, 255)"
GH034218-619227cbdc2f7_1098_0_0,1313,660,1332,695,Shark,0.97,"(0, 0, 255)"
GH034218-619227cbdc2f7_818_1352_0,1006,635,1054,684,Turtle,0.12,"(0, 0, 255)"
GH034218-619227cbdc2f7_288_1352_760,147,91,196,129,Turtle,0.96,"(0, 0, 255)"
GH034218-619227cbdc2f7_288_1352_760,9,233,46,273,Turtle,0.38,"(0, 0, 255)"
GH034218-619227cbdc2f7_1851_1352_760,1037,403,1054,430,Shark,0.94,"(0, 0, 255)"
GH034218-619227cbdc2f7_263_1352_0,97,156,131,184,Turtle,1.0,"(0, 0, 255)"
GH034218-619227cbdc2f7_263_1352_0,148,317,191,354,Turtle,0.97,"(0, 0, 255)"
GH034218-619227cbdc2f7_263_1352_0,674,557,711,588,Turtle,0.53,"(0, 0, 255)"
GH034218-619227cbdc2f7_263_1352_0,531,475,561,496,Dugong_certain,0.51,"(0, 0, 255)"
GH034218-619227cbdc2f7_263_1352_0,531,475,561,496,Turtle,0.16,"(0, 0, 255)"
GH034218-619227cbdc2f7_637_0_0,1285,65,1313,101,Turtle,0.14,"(0, 0, 255)"
GH034218-619227cbdc2f7_970_0_760,490,221,530,254,Turtle,0.23,"(0, 0, 255)"
GH034218-619227cbdc2f7_1879_1352_760,779,506,800,550,Shark,0.41,"(0, 0, 255)"
GH034218-619227cbdc2f7_1879_1352_760,779,506,800,550,Dugong_certain,0.17,"(0, 0, 255)"
GH034218-619227cbdc2f7_242_1352_760,131,601,167,642,Turtle,1.0,"(0, 0, 255)"
GH034218-619227cbdc2f7_1819_1352_0,497,466,545,544,Shark,0.62,"(0, 0, 255)"
GH034218-619227cbdc2f7_271_1352_0,24,711,47,745,Turtle,0.35,"(0, 0, 255)"
GH034218-619227cbdc2f7_271_1352_0,321,673,361,710,Turtle,0.21,"(0, 0, 255)"
GH034218-619227cbdc2f7_295_0_0,1109,284,1154,326,Turtle,0.54,"(0, 0, 255)"
GH034218-619227cbdc2f7_393_1352_760,789,156,813,196,Shark,0.98,"(0, 0, 255)"
GH034218-619227cbdc2f7_393_1352_760,903,443,947,498,Shark,0.3,"(0, 0, 255)"
GH034218-619227cbdc2f7_257_1352_0,723,485,772,538,Turtle,1.0,"(0, 0, 255)"
GH034218-619227cbdc2f7_257_1352_0,506,243,565,289,Turtle,0.4,"(0, 0, 255)"
GH034218-619227cbdc2f7_257_1352_0,634,274,677,308,Turtle,0.34,"(0, 0, 255)"
GH034218-619227cbdc2f7_314_0_0,1093,381,1141,418,Turtle,0.28,"(0, 165, 255)"
GH034218-619227cbdc2f7_1876_1352_0,709,695,724,728,Shark,0.6,"(0, 0, 255)"
GH034218-619227cbdc2f7_1876_1352_0,703,695,718,728,Shark,0.42,"(0, 0, 255)"
GH034218-619227cbdc2f7_1647_1352_0,720,456,749,492,Turtle,0.19,"(0, 0, 255)"
GH034218-619227cbdc2f7_1264_0_0,333,348,375,391,Shark,0.51,"(0, 0, 255)"
GH034218-619227cbdc2f7_1258_1352_760,754,189,802,245,Shark,0.12,"(0, 0, 255)"
GH034218-619227cbdc2f7_808_0_0,118,366,173,418,Shark,0.96,"(0, 0, 255)"
GH034218-619227cbdc2f7_992_1352_760,915,433,946,476,Shark,0.98,"(0, 0, 255)"
GH034218-619227cbdc2f7_992_1352_760,1008,710,1035,758,Dugong_certain,0.14,"(0, 0, 255)"
GH034218-619227cbdc2f7_1311_1352_760,806,667,840,723,Shark,0.28,"(0, 0, 255)"
GH034218-619227cbdc2f7_726_1352_0,449,636,489,695,Dugong_certain,0.12,"(0, 0, 255)"
GH034218-619227cbdc2f7_815_0_760,662,609,716,635,Shark,0.98,"(0, 0, 255)"
GH034218-619227cbdc2f7_1023_1352_760,161,268,198,318,Turtle,0.78,"(0, 0, 255)"
GH034218-619227cbdc2f7_1023_1352_760,472,344,506,379,Turtle,0.12,"(0, 0, 255)"
GH034218-619227cbdc2f7_950_1352_0,389,248,422,291,Turtle,0.22,"(0, 0, 255)"
GH034218-619227cbdc2f7_1992_0_760,598,666,643,714,Turtle,0.16,"(0, 0, 255)"
GH034218-619227cbdc2f7_1642_1352_0,454,704,489,723,Turtle,0.15,"(0, 0, 255)"
GH034218-619227cbdc2f7_1642_1352_0,454,704,489,723,Dugong_certain,0.11,"(0, 0, 255)"
GH034218-619227cbdc2f7_828_1352_760,619,24,646,56,Shark,0.21,"(0, 0, 255)"
GH034218-619227cbdc2f7_864_0_760,908,376,958,428,Shark,0.85,"(0, 0, 255)"
GH034218-619227cbdc2f7_864_0_760,909,377,958,426,Turtle,0.15,"(0, 0, 255)"
GH034218-619227cbdc2f7_378_1352_0,396,81,420,115,Shark,0.22,"(0, 0, 255)"
GH034218-619227cbdc2f7_1836_1352_0,979,627,1054,705,Shark,0.28,"(0, 0, 255)"
GH034218-619227cbdc2f7_1876_1352_760,871,649,901,701,Shark,1.0,"(0, 0, 255)"
GH034218-619227cbdc2f7_1288_1352_0,902,514,942,564,Turtle,0.18,"(0, 0, 255)"
GH034218-619227cbdc2f7_1248_1352_0,917,128,950,162,Turtle,0.39,"(0, 0, 255)"
GH034218-619227cbdc2f7_1770_0_0,1184,579,1240,633,Turtle,0.64,"(0, 0, 255)"
GH034218-619227cbdc2f7_1770_0_0,588,443,630,483,Turtle,0.3,"(0, 0, 255)"
GH034218-619227cbdc2f7_1277_1352_760,35,189,64,230,Turtle,0.15,"(0, 0, 255)"
GH034218-619227cbdc2f7_247_1352_0,1107,522,1147,582,Dugong_certain,0.45,"(0, 0, 255)"
GH034218-619227cbdc2f7_247_1352_0,828,233,861,272,Turtle,0.26,"(0, 0, 255)"
GH034218-619227cbdc2f7_823_0_760,689,21,717,58,Shark,0.52,"(0, 0, 255)"
GH034218-619227cbdc2f7_275_1352_0,428,113,479,163,Turtle,0.96,"(0, 0, 255)"
GH034218-619227cbdc2f7_1768_0_0,1291,417,1336,456,Turtle,0.75,"(0, 0, 255)"
GH034218-619227cbdc2f7_1768_0_0,819,74,861,114,Turtle,0.29,"(0, 0, 255)"
GH034218-619227cbdc2f7_639_1352_0,106,570,204,643,Dugong_certain,0.3,"(0, 0, 255)"
GH034218-619227cbdc2f7_264_1352_0,663,717,703,753,Turtle,0.6,"(0, 0, 255)"
GH034218-619227cbdc2f7_264_1352_0,849,698,886,742,Turtle,0.45,"(0, 0, 255)"
GH034218-619227cbdc2f7_264_1352_0,339,406,375,436,Turtle,0.18,"(0, 0, 255)"
GH034218-619227cbdc2f7_264_1352_0,571,78,607,108,Turtle,0.17,"(0, 0, 255)"
GH034218-619227cbdc2f7_1767_1352_0,20,78,60,117,Turtle,0.12,"(0, 0, 255)"
GH034218-619227cbdc2f7_1226_0_760,428,467,484,499,Shark,1.0,"(0, 0, 255)"
GH034218-619227cbdc2f7_1109_0_760,70,704,136,757,Turtle,0.93,"(0, 0, 255)"
GH034218-619227cbdc2f7_1109_0_760,98,293,185,365,Shark,0.31,"(0, 165, 255)"
GH034218-619227cbdc2f7_1109_0_760,94,293,183,364,Turtle,0.29,"(0, 128, 0)"
GH034218-619227cbdc2f7_1109_0_760,98,293,185,365,Dugong_certain,0.12,"(0, 165, 255)"
GH034218-619227cbdc2f7_1237_1352_0,333,664,373,701,Turtle,0.12,"(0, 0, 255)"
GH034218-619227cbdc2f7_305_0_0,25,462,64,512,Dugong_certain,0.33,"(0, 0, 255)"
GH034218-619227cbdc2f7_1882_1352_0,22,167,49,200,Turtle,0.96,"(0, 0, 255)"
GH034218-619227cbdc2f7_891_0_760,11,724,45,744,Turtle,0.13,"(0, 0, 255)"
GH034218-619227cbdc2f7_293_0_760,430,176,502,240,Shark,0.57,"(0, 0, 255)"
GH034218-619227cbdc2f7_293_0_760,430,176,502,240,Turtle,0.19,"(0, 0, 255)"
GH034218-619227cbdc2f7_1271_0_760,612,610,666,656,Dugong_certain,0.25,"(0, 0, 255)"
GH034218-619227cbdc2f7_829_1352_0,788,258,819,281,Turtle,0.52,"(0, 0, 255)"
GH034218-619227cbdc2f7_829_1352_0,298,321,348,367,Turtle,0.3,"(0, 0, 255)"
GH034218-619227cbdc2f7_829_1352_0,99,718,135,753,Turtle,0.18,"(0, 0, 255)"
GH034218-619227cbdc2f7_340_1352_760,1318,9,1346,44,Turtle,0.11,"(0, 0, 255)"
GH034218-619227cbdc2f7_264_1352_760,553,239,630,302,Turtle,0.54,"(0, 0, 255)"
GH034218-619227cbdc2f7_264_1352_760,543,29,579,59,Turtle,0.11,"(0, 0, 255)"
GH034218-619227cbdc2f7_1426_0_0,373,389,412,470,Shark,0.14,"(0, 0, 255)"
GH034218-619227cbdc2f7_825_0_0,1095,325,1143,378,Turtle,0.58,"(0, 0, 255)"
GH034218-619227cbdc2f7_249_1352_0,311,72,343,100,Turtle,0.57,"(0, 0, 255)"
GH034218-619227cbdc2f7_249_1352_0,880,478,921,527,Turtle,0.2,"(0, 0, 255)"
GH034218-619227cbdc2f7_296_0_760,1153,542,1192,583,Turtle,0.91,"(0, 0, 255)"
GH034218-619227cbdc2f7_1849_0_0,355,612,420,638,Shark,0.83,"(0, 0, 255)"
GH034218-619227cbdc2f7_265_1352_0,314,575,353,608,Turtle,0.19,"(0, 0, 255)"
GH034218-619227cbdc2f7_265_1352_0,6,487,41,514,Turtle,0.11,"(0, 0, 255)"
GH034218-619227cbdc2f7_1881_1352_0,19,5,44,39,Turtle,0.4,"(0, 0, 255)"
GH034218-619227cbdc2f7_1881_1352_0,461,579,492,624,Turtle,0.18,"(0, 0, 255)"
GH034218-619227cbdc2f7_1856_0_760,496,454,511,481,Shark,0.53,"(0, 0, 255)"
GH034218-619227cbdc2f7_858_1352_760,276,317,315,355,Turtle,0.19,"(0, 0, 255)"
GH034218-619227cbdc2f7_1248_0_760,759,559,789,593,Turtle,0.72,"(0, 0, 255)"
GH034218-619227cbdc2f7_370_1352_760,586,80,627,117,Turtle,0.1,"(0, 0, 255)"
GH034218-619227cbdc2f7_411_0_0,1305,287,1336,328,Turtle,0.13,"(0, 0, 255)"
GH034218-619227cbdc2f7_1027_1352_760,369,169,414,248,Shark,0.65,"(0, 0, 255)"
GH034218-619227cbdc2f7_280_1352_0,638,50,669,85,Turtle,0.52,"(0, 0, 255)"
GH034218-619227cbdc2f7_280_1352_0,556,383,603,431,Turtle,0.29,"(0, 0, 255)"
GH034218-619227cbdc2f7_280_1352_0,309,19,341,52,Turtle,0.17,"(0, 0, 255)"
GH034218-619227cbdc2f7_1833_1352_0,438,381,464,418,Turtle,0.35,"(0, 0, 255)"
GH034218-619227cbdc2f7_1833_1352_0,438,382,464,419,Dugong_certain,0.3,"(0, 0, 255)"
GH034218-619227cbdc2f7_1833_1352_0,446,381,474,417,Turtle,0.29,"(0, 0, 255)"
GH034218-619227cbdc2f7_1833_1352_0,438,382,464,419,Shark,0.12,"(0, 0, 255)"
GH034218-619227cbdc2f7_990_1352_760,1013,100,1041,137,Shark,0.71,"(0, 0, 255)"
GH034218-619227cbdc2f7_990_1352_760,1014,100,1041,138,Dugong_certain,0.49,"(0, 0, 255)"
GH034218-619227cbdc2f7_990_1352_760,1105,349,1142,402,Turtle,0.24,"(0, 0, 255)"
GH034218-619227cbdc2f7_287_0_0,1257,401,1297,433,Turtle,0.66,"(0, 0, 255)"
GH034218-619227cbdc2f7_2079_1352_760,13,444,46,473,Turtle,0.82,"(0, 0, 255)"
GH034218-619227cbdc2f7_1763_1352_0,447,725,483,752,Turtle,0.51,"(0, 0, 255)"
GH034218-619227cbdc2f7_1763_1352_0,168,498,208,536,Turtle,0.16,"(0, 0, 255)"
GH034218-619227cbdc2f7_1763_1352_0,487,247,521,276,Turtle,0.11,"(0, 0, 255)"
GH034218-619227cbdc2f7_1013_0_0,50,286,102,331,Turtle,1.0,"(0, 128, 0)"
GH034218-619227cbdc2f7_1227_1352_0,806,109,865,160,Dugong_certain,1.0,"(0, 0, 255)"
GH034218-619227cbdc2f7_1227_1352_0,672,360,706,401,Turtle,0.19,"(0, 0, 255)"
GH034218-619227cbdc2f7_1227_1352_0,436,94,480,132,Dugong_certain,0.14,"(0, 0, 255)"
GH034218-619227cbdc2f7_1767_0_760,1302,703,1338,745,Turtle,0.8,"(0, 0, 255)"
GH034218-619227cbdc2f7_1767_0_760,1195,715,1221,745,Turtle,0.51,"(0, 0, 255)"
GH034218-619227cbdc2f7_1767_0_760,1320,485,1348,520,Turtle,0.27,"(0, 0, 255)"
GH034218-619227cbdc2f7_368_0_0,1044,80,1108,133,Dugong_certain,0.45,"(0, 0, 255)"
GH034218-619227cbdc2f7_368_0_0,553,85,604,123,Turtle,0.32,"(0, 0, 255)"
GH034218-619227cbdc2f7_368_0_0,1044,81,1110,132,Turtle,0.2,"(0, 0, 255)"
GH034218-619227cbdc2f7_1883_1352_760,495,187,529,233,Turtle,0.98,"(0, 0, 255)"
GH034218-619227cbdc2f7_1883_1352_760,506,187,539,232,Turtle,0.46,"(0, 0, 255)"
GH034218-619227cbdc2f7_289_1352_0,484,656,523,699,Turtle,0.15,"(0, 0, 255)"
GH034218-619227cbdc2f7_646_1352_760,421,519,461,549,Turtle,0.88,"(0, 0, 255)"
GH034218-619227cbdc2f7_1429_0_760,1092,89,1133,174,Shark,0.53,"(0, 0, 255)"
GH034218-619227cbdc2f7_323_1352_760,484,574,516,614,Turtle,0.16,"(0, 0, 255)"
GH034218-619227cbdc2f7_1623_0_760,1317,288,1337,334,Dugong_certain,0.13,"(0, 0, 255)"
GH034218-619227cbdc2f7_277_1352_0,545,396,610,450,Turtle,0.29,"(0, 0, 255)"
GH034218-619227cbdc2f7_1155_1352_760,313,480,352,525,Turtle,0.94,"(0, 128, 0)"
GH034218-619227cbdc2f7_1155_1352_760,131,634,166,679,Turtle,0.9,"(0, 128, 0)"
GH034218-619227cbdc2f7_1155_1352_760,478,89,513,132,Shark,0.78,"(0, 0, 255)"
GH034218-619227cbdc2f7_1155_1352_760,477,91,513,132,Turtle,0.38,"(0, 0, 255)"
GH034218-619227cbdc2f7_1155_1352_760,193,525,235,557,Shark,0.15,"(0, 0, 255)"
GH034218-619227cbdc2f7_1155_1352_760,184,669,223,716,Turtle,0.14,"(0, 128, 0)"
GH034218-619227cbdc2f7_927_0_760,278,412,315,435,Shark,0.9,"(0, 0, 255)"
GH034218-619227cbdc2f7_828_0_760,1290,295,1328,343,Turtle,0.96,"(0, 0, 255)"
GH034218-619227cbdc2f7_828_0_760,935,590,955,614,Shark,0.63,"(0, 0, 255)"
GH034218-619227cbdc2f7_828_0_760,945,591,966,613,Shark,0.18,"(0, 0, 255)"
GH034218-619227cbdc2f7_1848_0_760,600,70,645,96,Shark,1.0,"(0, 0, 255)"
GH034218-619227cbdc2f7_1022_1352_760,178,70,212,119,Turtle,0.98,"(0, 0, 255)"
GH034218-619227cbdc2f7_1022_1352_760,472,156,502,184,Turtle,0.43,"(0, 0, 255)"
GH034218-619227cbdc2f7_395_1352_760,42,484,69,522,Turtle,0.62,"(0, 0, 255)"
GH034218-619227cbdc2f7_395_1352_760,1059,521,1075,555,Shark,0.51,"(0, 0, 255)"
GH034218-619227cbdc2f7_395_1352_760,113,451,147,490,Turtle,0.29,"(0, 0, 255)"
GH034218-619227cbdc2f7_395_1352_760,1054,520,1071,556,Shark,0.17,"(0, 0, 255)"
GH034218-619227cbdc2f7_395_1352_760,875,651,899,696,Dugong_certain,0.16,"(0, 0, 255)"
GH034218-619227cbdc2f7_273_1352_0,687,506,730,551,Turtle,0.95,"(0, 0, 255)"
GH034218-619227cbdc2f7_1010_0_0,1053,662,1077,686,Turtle,0.71,"(0, 128, 0)"
GH034218-619227cbdc2f7_1010_0_0,1042,662,1068,686,Turtle,0.47,"(0, 128, 0)"
GH034218-619227cbdc2f7_400_0_0,1076,535,1107,567,Turtle,0.64,"(0, 0, 255)"
GH034218-619227cbdc2f7_1725_1352_0,171,630,203,668,Turtle,0.82,"(0, 0, 255)"
GH034218-619227cbdc2f7_1868_0_0,1323,637,1343,672,Turtle,0.94,"(0, 0, 255)"
GH034218-619227cbdc2f7_253_1352_0,870,420,910,462,Turtle,1.0,"(0, 0, 255)"
GH034218-619227cbdc2f7_253_1352_0,276,673,308,704,Turtle,0.99,"(0, 0, 255)"
GH034218-619227cbdc2f7_253_1352_0,836,660,874,690,Turtle,0.11,"(0, 0, 255)"
GH034218-619227cbdc2f7_412_1352_760,1233,683,1249,723,Shark,0.1,"(0, 0, 255)"
GH034218-619227cbdc2f7_279_1352_0,429,198,471,233,Turtle,0.25,"(0, 0, 255)"
GH034218-619227cbdc2f7_970_0_0,674,661,703,695,Turtle,0.14,"(0, 0, 255)"
GH034218-619227cbdc2f7_1238_0_760,1312,336,1343,374,Turtle,0.81,"(0, 0, 255)"
GH034218-619227cbdc2f7_501_1352_0,492,329,522,362,Turtle,0.29,"(0, 0, 255)"
GH034218-619227cbdc2f7_375_0_760,830,86,875,126,Turtle,0.18,"(0, 0, 255)"
GH034218-619227cbdc2f7_2041_1352_0,569,263,630,315,Turtle,0.7,"(0, 0, 255)"
GH034218-619227cbdc2f7_1276_0_760,1122,235,1156,274,Turtle,1.0,"(0, 0, 255)"
GH034218-619227cbdc2f7_1245_1352_0,437,649,496,701,Turtle,0.18,"(0, 0, 255)"
GH034218-619227cbdc2f7_278_1352_760,6,293,43,339,Turtle,0.13,"(0, 0, 255)"
GH034218-619227cbdc2f7_997_1352_760,698,228,717,259,Shark,0.43,"(0, 0, 255)"
GH034218-619227cbdc2f7_1768_1352_760,315,446,363,487,Turtle,0.1,"(0, 0, 255)"
GH034218-619227cbdc2f7_1456_0_0,619,31,698,88,Turtle,0.15,"(0, 0, 255)"
GH034218-619227cbdc2f7_1611_1352_760,316,684,354,717,Shark,0.64,"(0, 0, 255)"
GH034218-619227cbdc2f7_1611_1352_760,316,684,354,717,Turtle,0.14,"(0, 0, 255)"
GH034218-619227cbdc2f7_1629_0_0,1220,499,1246,578,Shark,0.14,"(0, 0, 255)"
GH034218-619227cbdc2f7_369_0_0,395,250,455,298,Turtle,0.33,"(0, 0, 255)"
GH034218-619227cbdc2f7_140_1352_0,1306,541,1340,589,Turtle,0.93,"(0, 0, 255)"
GH034218-619227cbdc2f7_140_1352_0,362,671,406,711,Turtle,0.73,"(0, 0, 255)"
GH034218-619227cbdc2f7_401_0_0,1039,724,1072,759,Turtle,0.17,"(0, 0, 255)"
GH034218-619227cbdc2f7_297_0_760,397,215,455,265,Turtle,0.91,"(0, 0, 255)"
GH034218-619227cbdc2f7_1340_0_760,531,183,563,227,Shark,0.88,"(0, 0, 255)"
GH034218-619227cbdc2f7_855_0_0,1248,593,1281,632,Turtle,0.8,"(0, 0, 255)"
GH034218-619227cbdc2f7_855_0_0,1316,721,1337,747,Turtle,0.53,"(0, 0, 255)"
GH034218-619227cbdc2f7_855_0_0,1315,17,1333,45,Shark,0.33,"(0, 0, 255)"
GH034218-619227cbdc2f7_1784_1352_760,55,313,86,356,Turtle,0.17,"(0, 0, 255)"
GH034218-619227cbdc2f7_995_1352_0,1248,41,1290,68,Shark,0.31,"(0, 0, 255)"
GH034218-619227cbdc2f7_1013_0_760,888,545,921,578,Turtle,0.98,"(0, 128, 0)"
GH034218-619227cbdc2f7_1013_0_760,879,546,914,579,Turtle,0.12,"(0, 128, 0)"
GH034218-619227cbdc2f7_996_1352_760,426,512,454,569,Dugong_certain,0.37,"(0, 0, 255)"
GH034218-619227cbdc2f7_996_1352_760,426,511,454,569,Turtle,0.34,"(0, 0, 255)"
GH034218-619227cbdc2f7_1175_0_760,685,558,738,603,Turtle,1.0,"(0, 128, 0)"
GH034218-619227cbdc2f7_274_1352_0,954,162,996,203,Turtle,0.1,"(0, 0, 255)"
GH034218-619227cbdc2f7_367_0_0,1308,277,1338,316,Turtle,0.7,"(0, 0, 255)"
GH034218-619227cbdc2f7_823_1352_0,922,639,955,671,Turtle,0.99,"(0, 0, 255)"
GH034218-619227cbdc2f7_823_1352_0,600,74,641,94,Dugong_certain,0.75,"(0, 0, 255)"
GH034218-619227cbdc2f7_260_1352_0,829,157,871,202,Turtle,1.0,"(0, 0, 255)"
GH034218-619227cbdc2f7_260_1352_0,476,171,517,214,Turtle,0.67,"(0, 0, 255)"
GH034218-619227cbdc2f7_260_1352_0,437,246,471,266,Turtle,0.28,"(0, 0, 255)"
GH034218-619227cbdc2f7_825_1352_0,982,309,1029,358,Turtle,0.81,"(0, 0, 255)"
GH034218-619227cbdc2f7_825_1352_0,310,489,370,546,Turtle,0.24,"(0, 0, 255)"
GH034218-619227cbdc2f7_1926_1352_0,1093,5,1112,32,Shark,0.29,"(0, 0, 255)"
GH034218-619227cbdc2f7_1265_0_0,948,482,988,514,Shark,0.7,"(0, 0, 255)"
GH034218-619227cbdc2f7_1265_0_0,176,591,232,636,Shark,0.17,"(0, 0, 255)"
GH034218-619227cbdc2f7_989_1352_760,1167,456,1216,523,Shark,0.93,"(0, 0, 255)"
GH034218-619227cbdc2f7_989_1352_760,1157,183,1191,234,Dugong_certain,0.41,"(0, 0, 255)"
GH034218-619227cbdc2f7_989_1352_760,1156,182,1191,234,Turtle,0.16,"(0, 0, 255)"
GH034218-619227cbdc2f7_817_1352_0,990,472,1033,516,Turtle,1.0,"(0, 0, 255)"
GH034218-619227cbdc2f7_1649_0_0,1081,608,1118,645,Turtle,0.68,"(0, 0, 255)"
GH034218-619227cbdc2f7_1863_0_760,1119,622,1144,653,Turtle,0.13,"(0, 0, 255)"
GH034218-619227cbdc2f7_258_0_0,1228,247,1257,274,Turtle,0.1,"(0, 0, 255)"
GH034218-619227cbdc2f7_1764_0_0,419,291,499,356,Turtle,1.0,"(0, 0, 255)"
GH034218-619227cbdc2f7_1367_0_0,146,372,205,404,Shark,0.44,"(0, 165, 255)"
GH034218-619227cbdc2f7_1367_0_0,145,371,203,404,Dugong_certain,0.32,"(0, 165, 255)"
GH034218-619227cbdc2f7_1854_1352_760,1251,616,1286,657,Shark,0.29,"(0, 0, 255)"
GH034218-619227cbdc2f7_1848_1352_760,356,393,393,428,Turtle,0.33,"(0, 0, 255)"
GH034218-619227cbdc2f7_1729_1352_0,202,576,225,604,Turtle,0.96,"(0, 0, 255)"
GH034218-619227cbdc2f7_808_1352_760,1180,639,1306,744,Turtle,0.33,"(0, 0, 255)"
GH034218-619227cbdc2f7_1438_0_0,1080,712,1116,738,Shark,0.26,"(0, 0, 255)"
GH034218-619227cbdc2f7_1901_1352_760,683,345,726,437,Shark,0.23,"(0, 0, 255)"
GH034218-619227cbdc2f7_1194_1352_760,705,350,752,444,Shark,0.52,"(0, 0, 255)"
GH034218-619227cbdc2f7_1194_1352_760,723,215,766,297,Shark,0.11,"(0, 0, 255)"
GH034218-619227cbdc2f7_830_0_0,1140,222,1191,248,Dugong_certain,0.23,"(0, 0, 255)"
GH034218-619227cbdc2f7_830_0_0,1140,222,1191,248,Shark,0.18,"(0, 0, 255)"
GH034218-619227cbdc2f7_261_1352_0,472,303,507,344,Turtle,0.44,"(0, 0, 255)"
GH034218-619227cbdc2f7_261_1352_0,680,264,715,299,Turtle,0.38,"(0, 0, 255)"
GH034218-619227cbdc2f7_261_1352_0,109,173,142,199,Turtle,0.29,"(0, 0, 255)"
GH034218-619227cbdc2f7_599_1352_0,74,185,114,249,Shark,0.15,"(0, 0, 255)"
GH034218-619227cbdc2f7_1867_1352_0,298,524,316,551,Shark,0.11,"(0, 0, 255)"
GH034218-619227cbdc2f7_1244_1352_0,996,649,1043,676,Turtle,0.14,"(0, 0, 255)"
GH034218-619227cbdc2f7_278_1352_0,392,623,452,692,Turtle,1.0,"(0, 0, 255)"
GH034218-619227cbdc2f7_278_1352_0,437,53,470,81,Turtle,1.0,"(0, 0, 255)"
GH034218-619227cbdc2f7_1099_0_760,1287,89,1306,126,Shark,0.86,"(0, 0, 255)"
GH034218-619227cbdc2f7_285_0_0,1277,346,1318,367,Shark,0.45,"(0, 0, 255)"
GH034218-619227cbdc2f7_285_0_0,1041,314,1072,344,Turtle,0.32,"(0, 0, 255)"
GH034218-619227cbdc2f7_285_0_0,1033,313,1064,343,Turtle,0.21,"(0, 0, 255)"
GH034218-619227cbdc2f7_995_1352_760,470,302,499,353,Dugong_certain,0.85,"(0, 0, 255)"
GH034218-619227cbdc2f7_995_1352_760,526,687,545,722,Dugong_certain,0.61,"(0, 0, 255)"
GH034218-619227cbdc2f7_995_1352_760,525,686,544,723,Shark,0.4,"(0, 0, 255)"
GH034218-619227cbdc2f7_995_1352_760,525,687,544,721,Turtle,0.35,"(0, 0, 255)"
GH034218-619227cbdc2f7_995_1352_760,534,688,552,721,Dugong_certain,0.26,"(0, 0, 255)"
GH034218-619227cbdc2f7_995_1352_760,531,688,550,721,Turtle,0.14,"(0, 0, 255)"
GH034218-619227cbdc2f7_995_1352_760,459,302,489,355,Dugong_certain,0.13,"(0, 0, 255)"
GH034218-619227cbdc2f7_995_1352_760,470,303,498,354,Turtle,0.13,"(0, 0, 255)"
GH034218-619227cbdc2f7_995_1352_760,558,146,582,179,Dugong_certain,0.12,"(0, 0, 255)"
GH034218-619227cbdc2f7_809_1352_0,306,619,368,672,Turtle,0.88,"(0, 0, 255)"
GH034218-619227cbdc2f7_809_1352_0,22,298,48,323,Turtle,0.14,"(0, 0, 255)"
GH034218-619227cbdc2f7_391_1352_0,442,305,459,334,Shark,0.91,"(0, 0, 255)"
GH034218-619227cbdc2f7_391_1352_0,449,306,465,334,Shark,0.15,"(0, 0, 255)"
GH034218-619227cbdc2f7_1883_1352_0,23,347,48,378,Turtle,0.9,"(0, 0, 255)"
GH034218-619227cbdc2f7_257_0_0,1265,98,1301,125,Turtle,1.0,"(0, 0, 255)"
GH034218-619227cbdc2f7_257_0_0,4,603,38,670,Dugong_certain,0.11,"(0, 0, 255)"
GH034218-619227cbdc2f7_1243_0_0,1039,380,1076,409,Turtle,0.19,"(0, 0, 255)"
GH034218-619227cbdc2f7_2083_1352_760,755,550,791,586,Turtle,0.41,"(0, 0, 255)"
GH034218-619227cbdc2f7_1252_1352_0,432,217,467,249,Turtle,0.49,"(0, 0, 255)"
GH034218-619227cbdc2f7_1252_1352_0,562,115,608,147,Dugong_certain,0.4,"(0, 0, 255)"
GH034218-619227cbdc2f7_1252_1352_0,560,115,608,146,Turtle,0.24,"(0, 0, 255)"
GH034218-619227cbdc2f7_1252_1352_0,695,23,715,47,Shark,0.18,"(0, 0, 255)"
GH034218-619227cbdc2f7_1252_1352_0,205,108,237,137,Turtle,0.14,"(0, 0, 255)"
GH034218-619227cbdc2f7_1252_1352_0,790,117,823,155,Turtle,0.11,"(0, 0, 255)"
GH034218-619227cbdc2f7_1712_1352_0,619,452,660,490,Turtle,0.74,"(0, 0, 255)"
GH034218-619227cbdc2f7_768_1352_760,1152,550,1190,599,Turtle,0.12,"(0, 0, 255)"
GH034218-619227cbdc2f7_842_0_0,923,663,944,702,Shark,0.93,"(0, 0, 255)"
GH034218-619227cbdc2f7_1883_0_0,1309,269,1344,313,Turtle,0.67,"(0, 0, 255)"
GH034218-619227cbdc2f7_1768_1352_0,167,579,195,608,Turtle,0.21,"(0, 0, 255)"
GH034218-619227cbdc2f7_948_0_760,415,228,447,247,Shark,0.1,"(0, 0, 255)"
GH034218-619227cbdc2f7_847_1352_760,482,673,508,714,Turtle,0.11,"(0, 0, 255)"
GH034218-619227cbdc2f7_643_1352_0,506,648,537,669,Turtle,0.15,"(0, 0, 255)"
GH034218-619227cbdc2f7_1234_0_0,978,66,1015,97,Turtle,0.31,"(0, 0, 255)"
GH034218-619227cbdc2f7_1234_0_0,878,509,914,545,Turtle,0.13,"(0, 0, 255)"
GH034218-619227cbdc2f7_1234_0_0,749,299,799,332,Turtle,0.11,"(0, 0, 255)"
GH034218-619227cbdc2f7_383_0_0,1064,657,1091,689,Turtle,0.14,"(0, 0, 255)"
GH034218-619227cbdc2f7_1266_1352_760,176,673,218,718,Turtle,0.47,"(0, 0, 255)"
GH034218-619227cbdc2f7_1266_1352_760,617,674,656,722,Shark,0.34,"(0, 0, 255)"
GH034218-619227cbdc2f7_1425_1352_0,40,254,81,322,Shark,1.0,"(0, 0, 255)"
GH034218-619227cbdc2f7_259_0_0,1172,422,1208,453,Turtle,0.81,"(0, 0, 255)"
GH034218-619227cbdc2f7_259_0_0,861,669,917,706,Turtle,0.33,"(0, 0, 255)"
GH034218-619227cbdc2f7_816_1352_0,987,323,1030,363,Turtle,0.95,"(0, 0, 255)"
GH034218-619227cbdc2f7_979_1352_760,388,716,422,751,Turtle,0.96,"(0, 0, 255)"
GH034218-619227cbdc2f7_1662_0_0,919,361,952,394,Turtle,0.11,"(0, 0, 255)"
GH034218-619227cbdc2f7_290_0_760,137,0,182,39,Shark,0.13,"(0, 0, 255)"
GH034218-619227cbdc2f7_979_1352_0,208,523,244,561,Turtle,0.81,"(0, 0, 255)"
GH034218-619227cbdc2f7_1234_1352_0,371,41,406,77,Turtle,0.21,"(0, 0, 255)"
GH034218-619227cbdc2f7_813_1352_760,807,667,839,702,Turtle,0.24,"(0, 0, 255)"
GH034218-619227cbdc2f7_1471_1352_0,823,368,879,402,Shark,0.41,"(0, 0, 255)"
GH034218-619227cbdc2f7_1843_1352_0,786,51,812,93,Shark,0.81,"(0, 0, 255)"
GH034218-619227cbdc2f7_1843_1352_0,784,50,811,94,Dugong_certain,0.41,"(0, 0, 255)"
GH034218-619227cbdc2f7_1236_0_760,648,216,690,261,Turtle,0.4,"(0, 0, 255)"
GH034218-619227cbdc2f7_981_0_760,564,291,613,334,Turtle,0.99,"(0, 128, 0)"
GH034218-619227cbdc2f7_1766_0_0,1304,680,1340,720,Turtle,0.99,"(0, 0, 255)"
GH034218-619227cbdc2f7_1230_1352_760,1308,97,1335,135,Turtle,0.36,"(0, 0, 255)"
GH034218-619227cbdc2f7_389_0_760,1304,616,1335,659,Turtle,0.12,"(0, 0, 255)"
GH034218-619227cbdc2f7_1195_1352_760,756,412,798,491,Shark,0.98,"(0, 0, 255)"
GH034218-619227cbdc2f7_1104_0_0,277,704,331,745,Turtle,1.0,"(0, 128, 0)"
GH034218-619227cbdc2f7_1430_0_760,587,599,620,631,Turtle,0.15,"(0, 0, 255)"
GH034218-619227cbdc2f7_1363_0_0,247,111,273,146,Dugong_certain,0.62,"(0, 128, 0)"
GH034218-619227cbdc2f7_1167_0_0,568,724,619,760,Turtle,0.11,"(0, 0, 255)"
GH034218-619227cbdc2f7_863_0_0,1206,76,1238,99,Turtle,0.95,"(0, 0, 255)"
GH034218-619227cbdc2f7_1842_1352_0,614,183,635,204,Dugong_certain,0.7,"(0, 0, 255)"
GH034218-619227cbdc2f7_828_1352_0,314,181,368,222,Turtle,0.64,"(0, 0, 255)"
GH034218-619227cbdc2f7_647_1352_760,417,163,456,185,Shark,0.36,"(0, 0, 255)"
GH034218-619227cbdc2f7_395_1352_0,410,669,438,715,Shark,0.63,"(0, 0, 255)"
GH034218-619227cbdc2f7_395_1352_0,387,648,435,717,Shark,0.26,"(0, 0, 255)"
GH034218-619227cbdc2f7_395_1352_0,383,646,411,696,Shark,0.2,"(0, 0, 255)"
GH034218-619227cbdc2f7_762_1352_0,964,123,1002,151,Shark,0.15,"(0, 0, 255)"
GH034218-619227cbdc2f7_318_0_0,0,587,51,639,Turtle,0.9,"(0, 128, 0)"
GH034218-619227cbdc2f7_1278_1352_0,530,490,587,518,Shark,0.51,"(0, 0, 255)"
GH034218-619227cbdc2f7_281_1352_760,898,28,941,62,Turtle,0.31,"(0, 0, 255)"
GH034218-619227cbdc2f7_860_0_0,1190,208,1220,247,Shark,0.94,"(0, 0, 255)"
GH034218-619227cbdc2f7_1232_0_760,1274,117,1323,172,Turtle,0.62,"(0, 0, 255)"
GH034218-619227cbdc2f7_1232_0_760,1044,123,1095,152,Turtle,0.27,"(0, 0, 255)"
GH034218-619227cbdc2f7_1232_0_760,1276,116,1323,172,Shark,0.22,"(0, 0, 255)"
GH034218-619227cbdc2f7_2073_0_760,538,82,562,125,Shark,0.22,"(0, 0, 255)"
GH034218-619227cbdc2f7_374_0_0,879,478,951,534,Turtle,0.24,"(0, 0, 255)"
GH034218-619227cbdc2f7_254_1352_0,1208,614,1244,662,Turtle,0.64,"(0, 0, 255)"
GH034218-619227cbdc2f7_254_1352_0,900,553,948,599,Turtle,0.27,"(0, 0, 255)"
GH034218-619227cbdc2f7_254_1352_0,69,150,117,186,Turtle,0.25,"(0, 0, 255)"
GH034218-619227cbdc2f7_254_1352_0,291,426,317,451,Turtle,0.17,"(0, 0, 255)"
GH034218-619227cbdc2f7_1844_1352_0,610,422,636,451,Turtle,0.26,"(0, 0, 255)"
GH034218-619227cbdc2f7_1844_1352_0,790,147,828,188,Dugong_certain,0.16,"(0, 0, 255)"
GH034218-619227cbdc2f7_291_1352_0,171,134,204,162,Turtle,0.27,"(0, 0, 255)"
GH034218-619227cbdc2f7_291_1352_0,171,134,204,162,Shark,0.19,"(0, 0, 255)"
GH034218-619227cbdc2f7_802_1352_0,1096,521,1175,589,Dugong_certain,0.3,"(0, 0, 255)"
GH034218-619227cbdc2f7_1235_0_0,769,724,799,758,Turtle,0.15,"(0, 0, 255)"
GH034218-619227cbdc2f7_1275_0_760,406,421,453,467,Shark,0.12,"(0, 0, 255)"
GH034218-619227cbdc2f7_1256_1352_760,86,377,122,418,Turtle,0.16,"(0, 0, 255)"
GH034218-619227cbdc2f7_1874_1352_0,549,611,596,674,Shark,0.63,"(0, 0, 255)"
GH034218-619227cbdc2f7_391_1352_760,211,15,236,58,Shark,0.89,"(0, 0, 255)"
GH034218-619227cbdc2f7_391_1352_760,204,14,227,60,Shark,0.56,"(0, 0, 255)"
GH034218-619227cbdc2f7_391_1352_760,212,14,235,57,Turtle,0.21,"(0, 0, 255)"
GH034218-619227cbdc2f7_1029_1352_0,838,48,854,74,Shark,0.51,"(0, 0, 255)"
GH034218-619227cbdc2f7_1592_1352_0,34,658,50,688,Dugong_certain,0.44,"(0, 0, 255)"
GH034218-619227cbdc2f7_521_0_0,500,73,541,112,Turtle,0.33,"(0, 0, 255)"
GH034218-619227cbdc2f7_1277_0_760,1035,540,1073,580,Turtle,0.13,"(0, 0, 255)"
GH034218-619227cbdc2f7_1846_1352_760,1233,74,1258,113,Shark,0.51,"(0, 0, 255)"
GH034218-619227cbdc2f7_1107_0_0,374,427,434,477,Turtle,0.67,"(0, 128, 0)"
GH034218-619227cbdc2f7_1149_0_0,1317,452,1346,483,Turtle,0.74,"(0, 0, 255)"
GH034218-619227cbdc2f7_1609_0_0,718,171,802,308,Dugong_certain,0.6,"(0, 0, 255)"
GH034218-619227cbdc2f7_811_1352_760,276,330,348,396,Turtle,0.73,"(0, 0, 255)"
GH034218-619227cbdc2f7_991_1352_760,1054,524,1088,580,Dugong_certain,0.94,"(0, 0, 255)"
GH034218-619227cbdc2f7_1291_0_0,1282,270,1317,329,Shark,0.23,"(0, 0, 255)"
GH034218-619227cbdc2f7_1850_0_760,753,484,783,516,Turtle,0.66,"(0, 0, 255)"
GH034218-619227cbdc2f7_1757_1352_0,874,94,917,130,Turtle,0.21,"(0, 0, 255)"
GH034218-619227cbdc2f7_1295_1352_0,611,680,646,736,Shark,0.33,"(0, 0, 255)"
GH034218-619227cbdc2f7_1250_1352_0,59,190,93,227,Turtle,0.27,"(0, 0, 255)"
GH034218-619227cbdc2f7_1451_1352_0,794,67,853,163,Shark,0.52,"(0, 0, 255)"
GH034218-619227cbdc2f7_212_1352_760,839,692,874,723,Turtle,0.11,"(0, 0, 255)"
GH034218-619227cbdc2f7_808_1352_0,318,422,372,467,Turtle,1.0,"(0, 0, 255)"
GH034218-619227cbdc2f7_270_1352_0,663,640,700,676,Turtle,0.72,"(0, 0, 255)"
GH034218-619227cbdc2f7_270_1352_0,602,507,637,539,Turtle,0.49,"(0, 0, 255)"
GH034218-619227cbdc2f7_285_1352_0,928,83,973,135,Turtle,0.97,"(0, 0, 255)"
GH034218-619227cbdc2f7_285_1352_0,628,610,678,644,Turtle,0.29,"(0, 0, 255)"
GH034218-619227cbdc2f7_285_1352_0,146,280,179,306,Turtle,0.17,"(0, 0, 255)"
GH034218-619227cbdc2f7_382_0_760,937,644,973,694,Turtle,0.23,"(0, 0, 255)"
GH034218-619227cbdc2f7_1073_0_0,620,38,641,64,Turtle,0.23,"(0, 0, 255)"
GH034218-619227cbdc2f7_254_1352_760,262,103,303,144,Turtle,0.13,"(0, 0, 255)"
GH034218-619227cbdc2f7_1601_0_760,688,553,737,578,Shark,0.98,"(0, 0, 255)"
GH034218-619227cbdc2f7_1093_1352_0,815,135,828,155,Shark,0.81,"(0, 0, 255)"
GH034218-619227cbdc2f7_393_1352_0,362,366,404,424,Shark,0.53,"(0, 0, 255)"
GH034218-619227cbdc2f7_393_1352_0,357,369,392,421,Shark,0.19,"(0, 0, 255)"
GH034218-619227cbdc2f7_851_1352_760,412,444,448,486,Turtle,0.12,"(0, 0, 255)"
GH034218-619227cbdc2f7_1100_0_760,1250,294,1273,335,Shark,0.39,"(0, 0, 255)"
GH034218-619227cbdc2f7_1193_1352_760,548,453,584,521,Shark,0.41,"(0, 0, 255)"
GH034218-619227cbdc2f7_1169_0_760,73,631,145,697,Turtle,1.0,"(0, 128, 0)"
GH034218-619227cbdc2f7_403_1352_0,611,320,628,356,Shark,0.55,"(0, 0, 255)"
GH034218-619227cbdc2f7_403_1352_0,617,321,635,355,Shark,0.25,"(0, 0, 255)"
GH034218-619227cbdc2f7_994_1352_760,510,120,542,164,Turtle,0.85,"(0, 0, 255)"
GH034218-619227cbdc2f7_994_1352_760,570,473,591,505,Shark,0.68,"(0, 0, 255)"
GH034218-619227cbdc2f7_994_1352_760,570,472,590,504,Turtle,0.59,"(0, 0, 255)"
GH034218-619227cbdc2f7_994_1352_760,499,118,531,165,Turtle,0.24,"(0, 0, 255)"
GH034218-619227cbdc2f7_803_1352_0,1082,366,1134,414,Turtle,0.1,"(0, 0, 255)"
GH034218-619227cbdc2f7_489_1352_0,591,386,636,428,Turtle,0.86,"(0, 0, 255)"
GH034218-619227cbdc2f7_489_1352_0,1170,114,1201,148,Turtle,0.29,"(0, 0, 255)"
GH034218-619227cbdc2f7_1873_1352_760,718,437,756,521,Shark,0.14,"(0, 0, 255)"
GH034218-619227cbdc2f7_1228_1352_0,669,502,703,543,Turtle,0.43,"(0, 0, 255)"
GH034218-619227cbdc2f7_1228_1352_0,817,216,884,271,Dugong_certain,0.22,"(0, 0, 255)"
GH034218-619227cbdc2f7_1228_1352_0,537,599,568,637,Turtle,0.1,"(0, 0, 255)"
GH034218-619227cbdc2f7_313_0_0,1174,392,1212,437,Turtle,0.58,"(0, 0, 255)"
GH034218-619227cbdc2f7_1172_1352_760,790,696,812,730,Turtle,0.17,"(0, 0, 255)"
GH034218-619227cbdc2f7_1364_0_0,57,106,80,138,Dugong_certain,0.46,"(0, 128, 0)"
GH034218-619227cbdc2f7_1364_0_0,57,106,80,138,Turtle,0.24,"(0, 165, 255)"
GH034218-619227cbdc2f7_256_1352_0,716,491,757,540,Turtle,0.99,"(0, 0, 255)"
GH034218-619227cbdc2f7_256_1352_0,9,413,46,449,Turtle,0.96,"(0, 0, 255)"
GH034218-619227cbdc2f7_256_1352_0,503,123,558,165,Turtle,0.61,"(0, 0, 255)"
GH034218-619227cbdc2f7_256_1352_0,723,353,760,395,Turtle,0.33,"(0, 0, 255)"
GH034218-619227cbdc2f7_256_1352_0,628,158,666,183,Turtle,0.14,"(0, 0, 255)"
GH034218-619227cbdc2f7_1156_0_760,898,4,939,27,Shark,0.26,"(0, 0, 255)"
GH034218-619227cbdc2f7_981_1352_760,140,148,176,190,Turtle,1.0,"(0, 128, 0)"
GH034218-619227cbdc2f7_354_1352_0,564,254,598,286,Turtle,0.11,"(0, 0, 255)"
GH034218-619227cbdc2f7_516_1352_0,775,286,814,319,Turtle,0.23,"(0, 0, 255)"
GH034218-619227cbdc2f7_528_0_0,653,450,701,482,Turtle,0.1,"(0, 0, 255)"
GH034218-619227cbdc2f7_387_1352_0,666,179,688,212,Shark,0.42,"(0, 0, 255)"
GH034218-619227cbdc2f7_387_1352_0,660,178,682,212,Shark,0.11,"(0, 0, 255)"
GH034218-619227cbdc2f7_260_0_0,1256,258,1293,298,Turtle,0.47,"(0, 0, 255)"
GH034218-619227cbdc2f7_123_0_760,681,367,723,435,Shark,0.11,"(0, 0, 255)"
GH034218-619227cbdc2f7_976_1352_0,446,737,471,760,Turtle,0.22,"(0, 0, 255)"
GH034218-619227cbdc2f7_976_1352_0,284,79,310,113,Turtle,0.12,"(0, 0, 255)"
GH034218-619227cbdc2f7_1457_0_0,468,155,563,227,Turtle,0.97,"(0, 0, 255)"
GH034218-619227cbdc2f7_279_1352_760,374,82,436,165,Turtle,0.39,"(0, 0, 255)"
GH034218-619227cbdc2f7_1258_1352_0,559,496,604,523,Turtle,0.9,"(0, 0, 255)"
GH034218-619227cbdc2f7_1258_1352_0,1297,134,1333,169,Turtle,0.77,"(0, 0, 255)"
GH034218-619227cbdc2f7_1879_1352_0,414,249,443,289,Turtle,0.39,"(0, 0, 255)"
GH034218-619227cbdc2f7_396_0_0,1263,707,1292,748,Turtle,0.86,"(0, 0, 255)"
GH034218-619227cbdc2f7_396_0_0,641,712,668,745,Turtle,0.82,"(0, 0, 255)"
GH034218-619227cbdc2f7_396_0_0,636,713,661,746,Turtle,0.26,"(0, 0, 255)"
GH034218-619227cbdc2f7_315_1352_0,304,353,350,417,Turtle,0.66,"(0, 0, 255)"
GH034218-619227cbdc2f7_315_1352_0,296,260,339,320,Turtle,0.63,"(0, 0, 255)"
GH034218-619227cbdc2f7_315_1352_0,24,406,67,453,Turtle,0.12,"(0, 0, 255)"
GH034218-619227cbdc2f7_1864_0_760,737,307,774,370,Shark,0.16,"(0, 0, 255)"
GH034218-619227cbdc2f7_1612_0_760,473,552,530,633,Turtle,0.8,"(0, 0, 255)"
GH034218-619227cbdc2f7_377_1352_760,82,630,127,672,Turtle,0.16,"(0, 0, 255)"
GH034218-619227cbdc2f7_377_1352_760,438,645,481,693,Turtle,0.15,"(0, 0, 255)"
GH034218-619227cbdc2f7_1470_1352_0,862,212,913,243,Shark,0.12,"(0, 0, 255)"
GH034218-619227cbdc2f7_1144_1352_0,890,561,904,587,Shark,0.1,"(0, 0, 255)"
GH034218-619227cbdc2f7_1174_0_760,861,240,905,277,Turtle,1.0,"(0, 128, 0)"
GH034218-619227cbdc2f7_239_1352_0,994,101,1013,135,Shark,0.37,"(0, 0, 255)"
GH034218-619227cbdc2f7_1631_1352_760,225,158,246,197,Shark,0.1,"(0, 0, 255)"
GH034218-619227cbdc2f7_1144_0_760,464,428,517,461,Shark,0.98,"(0, 0, 255)"
GH034218-619227cbdc2f7_450_0_0,699,176,750,216,Turtle,0.99,"(0, 0, 255)"
GH034218-619227cbdc2f7_241_1352_760,166,345,193,376,Turtle,0.51,"(0, 0, 255)"
GH034218-619227cbdc2f7_1411_1352_0,1172,343,1212,363,Shark,0.14,"(0, 0, 255)"
GH034218-619227cbdc2f7_840_1352_0,566,662,599,698,Turtle,0.58,"(0, 0, 255)"
GH034218-619227cbdc2f7_840_1352_0,360,556,408,595,Turtle,0.39,"(0, 0, 255)"
